Edge,Compass_dir,Directions,Count
"(1000699966, 65296346, 0)",['S'],,1
"(10155002500, 65292537, 0)","['NW', 'SE']",0.0,3
"(10155002500, 65323900, 0)","['NW', 'SE']",0.0,11
"(10251824554, 65291006, 0)",['NE'],1.0,3
"(10251824554, 65300049, 0)",['NE'],1.0,8
"(10946845801, 65298398, 0)","['E', 'W']",0.0,11
"(10946845802, 10946845801, 0)",['W'],1.0,2
"(10946845802, 65324852, 0)","['E', 'W']",0.0,20
"(10946845905, 10946845801, 0)",['E'],,1
"(1126947954, 2481630307, 0)",['NW'],1.0,2
"(11397069575, 65312117, 0)",['S'],1.0,2
"(1148372849, 4104677530, 0)","['E', 'N', 'NE']",1.0,17
"(1271001343, 1271001348, 0)",['E'],1.0,3
"(1271001343, 6988532615, 0)",['S'],1.0,9
"(1271001348, 65314146, 0)","['E', 'N']",1.0,3
"(1472411079, 265666762, 0)","['NE', 'NW', 'S']",0.5,13
"(1496341778, 65305819, 0)",['W'],1.0,39
"(1496341778, 65356183, 0)",['W'],1.0,4
"(1578907668, 65317939, 0)",['S'],1.0,2
"(1580501214, 1723738833, 0)","['NE', 'SW']",0.0,69
"(1580501214, 65328690, 0)",['SW'],,1
"(1580517057, 65312685, 0)","['E', 'W']",0.0,2
"(1636827301, 65291286, 0)","['E', 'W']",0.0,5
"(1636827301, 65312058, 0)","['E', 'W']",0.0,14
"(1677788981, 65334193, 0)","['E', 'W']",0.0,7
"(1677788981, 65345359, 0)","['E', 'NE', 'W']",0.0,34
"(1677798440, 65290286, 0)",['W'],,1
"(1692478722, 65293687, 0)",['NE'],,1
"(1692478722, 65324878, 0)","['NE', 'SW']",0.0,4
"(1692478722, 65324886, 0)",['SW'],,1
"(1692478761, 65304059, 0)",['W'],1.0,2
"(1723564001, 581047133, 0)",['NE'],,1
"(1723738829, 1723738966, 0)","['E', 'NE', 'SW', 'W']",0.0,73
"(1723738829, 3814451006, 0)","['NE', 'SW']",0.0,8
"(1723738829, 65293741, 0)","['NE', 'SW']",0.0,104
"(1723738966, 1723738829, 0)","['E', 'NE', 'SE', 'SW', 'W']",0.0,120
"(1723739241, 1723739359, 0)","['N', 'NE', 'SW']",0.0,21
"(1723739241, 5318468081, 0)","['NE', 'SW']",0.0,43
"(1723739359, 1723739241, 0)","['NE', 'SW']",0.0,90
"(173175743, 5283668859, 0)","['E', 'W']",0.0,23
"(173175743, 65336607, 0)",['E'],1.0,2
"(173175743, 65337445, 0)","['E', 'N', 'NE', 'W']",0.0,50
"(173175745, 5283668859, 0)","['E', 'W']",0.0,44
"(173175745, 65337437, 0)","['E', 'W']",0.0,50
"(173176449, 5283675521, 0)",['W'],,1
"(173176449, 5283675522, 0)","['E', 'W']",0.0,74
"(173176449, 65292743, 0)","['E', 'W']",0.0,62
"(173176449, 65295352, 0)",['E'],,1
"(173176455, 371239915, 0)","['N', 'NE', 'NW', 'W']",0.5,40
"(173176455, 5283675522, 0)","['E', 'W']",0.0,90
"(2081671274, 65336993, 0)",['E'],,1
"(2236649167, 258467531, 0)",['SW'],,1
"(2265957510, 65318046, 0)",['E'],,1
"(2265957510, 65318046, 1)",['W'],,1
"(2327650830, 65312038, 0)","['E', 'W']",0.0,19
"(2327650831, 2327650830, 0)","['E', 'W']",0.0,3
"(2327650831, 276805752, 0)","['E', 'W']",0.0,7
"(2481630307, 65296275, 0)",['NW'],,1
"(2481630307, 65327914, 0)","['N', 'NW']",1.0,45
"(258456881, 2236649167, 0)",['W'],1.0,8
"(258467531, 8166971415, 0)","['S', 'SW']",1.0,8
"(258468617, 258482635, 0)","['N', 'W']",1.0,5
"(258756003, 258906452, 0)",['W'],1.0,5
"(258756003, 65295449, 0)","['E', 'W']",0.0,34
"(258756003, 65295450, 0)",['W'],,1
"(258756004, 258756003, 0)",['E'],1.0,4
"(258756009, 258756008, 0)",['W'],1.0,2
"(258756009, 65287329, 0)","['E', 'W']",0.0,7
"(258756009, 65287332, 0)",['W'],,1
"(258758038, 65352339, 0)",['E'],1.0,2
"(258758536, 258758535, 0)",['W'],1.0,2
"(258758536, 65312687, 0)","['E', 'W']",0.0,45
"(258758537, 258758536, 0)",['E'],,1
"(258758543, 258758542, 0)",['E'],,1
"(258758543, 65327171, 0)",['E'],1.0,54
"(258758544, 258758543, 0)","['E', 'W']",0.0,9
"(258758544, 9691602671, 0)",['W'],1.0,8
"(258758549, 65314173, 0)",['E'],1.0,2
"(258759746, 258759744, 0)",['E'],1.0,3
"(258759746, 601280963, 0)","['E', 'W']",0.0,23
"(258759749, 258759746, 0)",['E'],1.0,2
"(258759767, 65303573, 0)","['E', 'W']",0.0,2
"(258761269, 65314192, 0)",['N'],,1
"(258906453, 65295450, 0)",['W'],1.0,4
"(258910905, 258910914, 0)",['S'],1.0,3
"(258910905, 65315781, 0)","['N', 'S']",0.0,26
"(258910948, 258910949, 0)","['S', 'SW', 'W']",1.0,76
"(258910948, 65307165, 0)",['S'],1.0,17
"(258910949, 65333130, 0)","['N', 'W']",1.0,38
"(258911592, 258910905, 0)",['N'],1.0,2
"(258911592, 65308495, 0)","['N', 'S']",0.0,4
"(258911592, 65338198, 0)",['N'],1.0,3
"(258913486, 258759451, 0)",['N'],,1
"(258913486, 65339338, 0)",['N'],1.0,3
"(258913493, 259138852, 0)",['S'],1.0,40
"(258964505, 65300475, 0)",['N'],1.0,2
"(258964507, 258964505, 0)",['N'],1.0,19
"(258964507, 65300486, 0)",['N'],1.0,3
"(258964508, 258964507, 0)","['N', 'NE']",1.0,43
"(258964508, 65300495, 0)",['SE'],,1
"(258965257, 6320119974, 0)",['S'],,1
"(258965262, 65299991, 0)",['NW'],,1
"(258967880, 258967879, 0)",['E'],,1
"(258967880, 65294235, 0)",['E'],,1
"(258967880, 65324858, 0)","['E', 'W']",0.0,5
"(258968242, 258968241, 0)",['W'],,1
"(258968244, 65324856, 0)","['E', 'W']",0.0,4
"(259138401, 65344932, 0)","['SW', 'W']",1.0,36
"(259138402, 259138401, 0)",['SW'],1.0,7
"(259138404, 767752910, 0)","['SW', 'W']",1.0,28
"(259138834, 65296275, 0)","['N', 'S', 'SE']",0.0,33
"(259138834, 65301508, 0)",['S'],1.0,2
"(259138835, 259138834, 0)",['S'],1.0,28
"(259138837, 259138835, 0)","['S', 'SE']",1.0,36
"(259138837, 65310823, 0)",['N'],,1
"(259138838, 259138837, 0)",['S'],1.0,36
"(259138838, 65301517, 0)",['S'],,1
"(259138840, 259138838, 0)","['S', 'SE']",1.0,40
"(259138840, 65301520, 0)",['S'],1.0,2
"(259138841, 259138840, 0)",['S'],1.0,32
"(259138843, 259138841, 0)",['S'],1.0,28
"(259138846, 2819241004, 0)","['S', 'SE', 'W']",0.5,34
"(259138847, 259138846, 0)",['S'],1.0,41
"(259138849, 259138847, 0)","['S', 'SE']",1.0,44
"(259138849, 65301534, 0)",['S'],,1
"(259138850, 259138849, 0)",['S'],1.0,20
"(259138850, 65301536, 0)",['S'],,1
"(259138852, 259138850, 0)",['S'],1.0,18
"(259138852, 65301539, 0)",['S'],1.0,3
"(259138852, 65317986, 0)","['N', 'S']",0.0,2
"(259138855, 65297832, 0)",['S'],1.0,23
"(259138855, 65301545, 0)",['S'],1.0,3
"(259138856, 259138855, 0)",['S'],1.0,39
"(259138856, 4015833309, 0)","['E', 'SW', 'W']",0.0,12
"(259138858, 259138856, 0)","['S', 'SE', 'W']",0.5,32
"(259138858, 65319992, 0)",['N'],,1
"(259139108, 4019294259, 0)","['E', 'N']",1.0,29
"(259139109, 259138858, 0)",['S'],1.0,30
"(259139109, 65301554, 0)",['S'],,1
"(260190943, 260191102, 0)","['E', 'W']",0.0,7
"(260190943, 295218056, 0)","['E', 'W']",0.0,72
"(260191102, 260190943, 0)",['W'],,1
"(260191102, 3978797440, 0)",['W'],1.0,5
"(260191102, 65363220, 0)","['E', 'NW', 'SW', 'W']",0.0,27
"(260494508, 65318039, 0)",['N'],,1
"(260494512, 65345130, 0)","['E', 'W']",0.0,3
"(260494513, 1723564001, 0)","['N', 'NE']",1.0,3
"(260494513, 65296324, 0)",['N'],1.0,2
"(260494513, 65296327, 0)","['N', 'S', 'SE', 'W']",0.0,67
"(260494516, 65304065, 0)",['N'],,1
"(260494517, 65312121, 0)",['S'],,1
"(260494520, 65307040, 0)",['W'],,1
"(260494523, 65367373, 0)","['N', 'S']",0.0,3
"(260494523, 65367585, 0)","['E', 'N', 'NW', 'W']",0.0,16
"(261510655, 65290949, 0)",['N'],1.0,9
"(261510664, 261510655, 0)",['N'],1.0,11
"(261510671, 261510664, 0)",['N'],1.0,7
"(261510678, 261510671, 0)",['N'],1.0,19
"(261510687, 261510678, 0)",['N'],1.0,3
"(261510697, 261510687, 0)",['N'],1.0,15
"(263991315, 342573716, 0)",['N'],1.0,12
"(2642129714, 4178749997, 0)",['NW'],1.0,3
"(2642129714, 65307313, 0)",['SE'],,1
"(2642129714, 65337066, 0)","['N', 'NW', 'S']",0.0,17
"(2642129716, 65321333, 0)","['N', 'S']",0.0,5
"(2642129716, 65337038, 0)","['N', 'S']",0.0,5
"(265666762, 265666763, 0)",['S'],1.0,15
"(265666762, 65322282, 0)",['E'],1.0,8
"(265666763, 265666764, 0)",['S'],1.0,19
"(265666764, 65288811, 0)","['SW', 'W']",1.0,19
"(265689222, 65348291, 0)",['E'],,1
"(271820604, 65352351, 0)",['NE'],,1
"(276805752, 2327650831, 0)","['E', 'W']",0.0,18
"(2768893484, 65295458, 0)","['E', 'W']",0.0,46
"(2768893484, 65295466, 0)","['E', 'W']",0.0,28
"(2800130439, 65296334, 0)",['S'],1.0,5
"(2819241004, 259138843, 0)","['E', 'S', 'SE']",1.0,40
"(2819241004, 65301525, 0)","['E', 'S', 'W']",0.0,60
"(2819241004, 65339290, 0)",['W'],1.0,3
"(2936165726, 3902413693, 0)",['S'],,1
"(2936165726, 65317939, 0)",['S'],1.0,15
"(293756613, 65325842, 0)",['W'],,1
"(295218056, 258967899, 0)",['W'],,1
"(295218056, 260190943, 0)","['E', 'W']",0.0,14
"(295218056, 65294381, 0)",['E'],,1
"(295222775, 65312068, 0)","['E', 'W']",0.0,25
"(295222775, 766948544, 0)","['N', 'S', 'SE']",0.0,33
"(297254899, 65289886, 0)",['S'],,1
"(309032633, 3998115410, 0)",['S'],,1
"(309032633, 65315787, 0)","['N', 'S']",0.0,9
"(309032633, 65315790, 0)",['N'],,1
"(317122247, 65307352, 0)","['S', 'W']",1.0,57
"(317353055, 65327285, 0)",['S'],1.0,2
"(318299420, 295218056, 0)",['E'],,1
"(32927645, 766946830, 0)","['E', 'W']",0.0,11
"(330662141, 4019577207, 0)",['N'],,1
"(330666983, 6378899554, 0)","['E', 'SE']",1.0,25
"(330666983, 65312657, 0)","['E', 'W']",0.0,6
"(330666993, 330666983, 0)",['W'],,1
"(330666993, 65312651, 0)","['NW', 'SW', 'W']",1.0,4
"(340160893, 6320120482, 0)",['E'],,1
"(342548255, 65314180, 0)",['E'],1.0,3
"(342573716, 65337991, 0)","['E', 'N', 'NE']",1.0,12
"(346527550, 346527551, 0)",['E'],1.0,7
"(346527551, 346527552, 0)",['E'],,1
"(346527551, 65308345, 0)",['E'],,1
"(346527552, 65358843, 0)",['E'],1.0,2
"(371239915, 173176455, 0)","['N', 'NW']",1.0,7
"(371239915, 65337003, 0)","['E', 'NE']",1.0,28
"(3716495457, 65339258, 0)",['N'],,1
"(386885670, 1271001343, 0)","['E', 'S']",1.0,4
"(3997925114, 65287402, 0)",['E'],1.0,2
"(3998115410, 65315790, 0)",['E'],1.0,3
"(3998115410, 65324623, 0)",['E'],,1
"(4014191213, 1148372849, 0)","['N', 'NW']",1.0,21
"(4014191213, 65338001, 0)","['E', 'N', 'SE']",0.5,6
"(4014218767, 4023155492, 0)","['N', 'S', 'SE']",0.0,10
"(4014218767, 65295383, 0)","['E', 'N', 'SW']",0.5,14
"(4014319583, 65303561, 0)",['W'],1.0,2
"(4014319583, 65303566, 0)",['W'],1.0,2
"(4015833309, 259138856, 0)","['E', 'S', 'SW', 'W']",0.0,29
"(4015833309, 65303583, 0)","['E', 'W']",0.0,15
"(4017324918, 4014218767, 0)","['E', 'N', 'S', 'SE']",0.0,28
"(4017324918, 65295383, 0)","['E', 'NW', 'SW', 'W']",0.0,37
"(4017324918, 65295385, 0)","['E', 'SW', 'W']",0.0,28
"(4017523978, 4021327378, 0)","['E', 'W']",0.0,7
"(4017523978, 65287402, 0)","['E', 'W']",0.0,32
"(4018639948, 6949087637, 0)","['N', 'S']",0.0,15
"(4018840072, 65295299, 0)",['N'],1.0,3
"(4018939403, 4018939473, 0)","['NW', 'SE']",0.0,35
"(4018939403, 65296309, 0)","['NW', 'SE']",0.0,34
"(4018939403, 65327046, 0)",['NW'],,1
"(4018939473, 2481630307, 0)",['NW'],,1
"(4018939473, 4018939403, 0)","['E', 'NW', 'SE']",0.0,8
"(4018939473, 65314393, 0)",['SE'],1.0,2
"(4019294259, 259139109, 0)","['E', 'S', 'SE']",1.0,28
"(4019294259, 4019294261, 0)","['N', 'NW', 'S', 'W']",0.0,41
"(4019294259, 65295369, 0)","['E', 'W']",0.0,30
"(4019294259, 65295375, 0)","['E', 'S', 'W']",0.0,40
"(4019294261, 4019294259, 0)","['N', 'S']",0.0,11
"(4019294261, 65301556, 0)",['S'],,1
"(4019294261, 65336921, 0)","['N', 'S']",0.0,31
"(4019577207, 5610843322, 0)",['N'],,1
"(4019577207, 65299327, 0)","['N', 'S', 'SE']",0.0,39
"(4021327363, 4021327370, 0)","['E', 'W']",0.0,6
"(4021327363, 65287415, 0)","['E', 'W']",0.0,9
"(4021327365, 4021327370, 0)","['E', 'W']",0.0,6
"(4021327365, 4021327378, 0)","['E', 'W']",0.0,7
"(4021327370, 4021327363, 0)","['E', 'W']",0.0,30
"(4021327370, 4021327365, 0)","['E', 'W']",0.0,25
"(4021327370, 65322190, 0)",['W'],,1
"(4021327371, 4021327375, 0)","['E', 'W']",0.0,4
"(4021327371, 4021327387, 0)","['E', 'W']",0.0,17
"(4021327373, 65336459, 0)","['S', 'SE', 'W']",0.5,11
"(4021327374, 4021327387, 0)","['E', 'W']",0.0,10
"(4021327374, 65287402, 0)","['E', 'W']",0.0,5
"(4021327375, 4021327371, 0)","['E', 'W']",0.0,23
"(4021327376, 4021327375, 0)","['E', 'W']",0.0,17
"(4021327376, 4021327380, 0)","['E', 'W']",0.0,18
"(4021327378, 4017523978, 0)","['E', 'W']",0.0,20
"(4021327378, 4021327365, 0)","['E', 'W']",0.0,21
"(4021327380, 4021327376, 0)","['E', 'W']",0.0,7
"(4021327380, 4022941221, 0)","['E', 'W']",0.0,44
"(4021327387, 4021327371, 0)",['W'],1.0,3
"(4021327387, 4021327374, 0)","['E', 'W']",0.0,17
"(4021607643, 4022924674, 0)","['E', 'W']",0.0,25
"(4021607643, 65287298, 0)","['E', 'SW', 'W']",0.0,12
"(4021607643, 65324626, 0)",['W'],1.0,2
"(4022924668, 4022924675, 0)","['E', 'W']",0.0,8
"(4022924668, 65280086, 0)",['W'],,1
"(4022924668, 65287329, 0)","['E', 'W']",0.0,6
"(4022924671, 4022924673, 0)","['E', 'W']",0.0,13
"(4022924671, 4022927416, 0)","['E', 'W']",0.0,67
"(4022924671, 65287678, 0)",['W'],1.0,2
"(4022924673, 4022924671, 0)","['E', 'SW', 'W']",0.0,89
"(4022924673, 4022924674, 0)","['E', 'W']",0.0,37
"(4022924673, 65351073, 0)",['W'],1.0,2
"(4022924674, 4021607643, 0)","['E', 'W']",0.0,6
"(4022924674, 4022924673, 0)","['E', 'W']",0.0,9
"(4022924674, 65287714, 0)",['W'],1.0,2
"(4022924675, 4022924668, 0)","['E', 'W']",0.0,16
"(4022924675, 65287324, 0)","['E', 'W']",0.0,9
"(4022924675, 65368177, 0)",['W'],,1
"(4022924680, 4022927416, 0)","['E', 'SW', 'W']",0.0,81
"(4022924680, 65287319, 0)","['E', 'NE', 'W']",0.0,27
"(4022924680, 65314572, 0)",['W'],,1
"(4022924683, 65287319, 0)","['E', 'W']",0.0,5
"(4022924683, 65287324, 0)","['E', 'W']",0.0,39
"(4022927416, 4022924671, 0)","['E', 'W']",0.0,23
"(4022927416, 4022924680, 0)","['E', 'NE', 'W']",0.0,21
"(4022927416, 65302782, 0)","['N', 'NW', 'S', 'W']",0.0,51
"(4022941206, 4022941213, 0)","['E', 'W']",0.0,8
"(4022941206, 4022941214, 0)","['E', 'W']",0.0,9
"(4022941212, 65287360, 0)","['E', 'W']",0.0,40
"(4022941212, 65287366, 0)","['E', 'W']",0.0,23
"(4022941212, 65322450, 0)",['E'],,1
"(4022941213, 4022941206, 0)","['E', 'W']",0.0,19
"(4022941213, 4022941221, 0)","['E', 'W']",0.0,10
"(4022941214, 4022941206, 0)","['E', 'W']",0.0,24
"(4022941214, 4022941228, 0)","['E', 'W']",0.0,5
"(4022941214, 65333139, 0)",['W'],,1
"(4022941215, 4022941225, 0)","['E', 'W']",0.0,6
"(4022941215, 65287366, 0)","['E', 'W']",0.0,8
"(4022941216, 65295482, 0)","['E', 'W']",0.0,39
"(4022941216, 65295485, 0)","['E', 'W']",0.0,17
"(4022941217, 4022941228, 0)",['E'],1.0,4
"(4022941217, 65287373, 0)","['E', 'W']",0.0,6
"(4022941218, 65287356, 0)","['E', 'W']",0.0,16
"(4022941218, 65287360, 0)","['E', 'W']",0.0,47
"(4022941218, 65297097, 0)",['W'],,1
"(4022941220, 4022941223, 0)","['E', 'W']",0.0,27
"(4022941220, 65287349, 0)","['E', 'W']",0.0,18
"(4022941221, 1736656377, 0)",['E'],,1
"(4022941221, 4021327380, 0)","['E', 'W']",0.0,9
"(4022941221, 4022941213, 0)","['E', 'W']",0.0,17
"(4022941223, 4022941220, 0)",['E'],1.0,2
"(4022941223, 65287356, 0)","['E', 'W']",0.0,28
"(4022941223, 65342705, 0)",['W'],,1
"(4022941225, 4022941215, 0)","['E', 'W']",0.0,25
"(4022941225, 65287373, 0)","['E', 'W']",0.0,15
"(4022941228, 4022941214, 0)","['E', 'W']",0.0,31
"(4022941228, 4022941217, 0)","['E', 'W']",0.0,22
"(4022947857, 4022947858, 0)","['E', 'W']",0.0,9
"(4022947857, 65287336, 0)","['E', 'W']",0.0,19
"(4022947858, 4022947857, 0)","['E', 'W']",0.0,21
"(4022947858, 4022947859, 0)",['E'],1.0,3
"(4022947859, 4022947858, 0)","['E', 'W']",0.0,21
"(4022947859, 4022947860, 0)","['E', 'W']",0.0,8
"(4022947859, 65329618, 0)",['W'],,1
"(4022947860, 4022947859, 0)","['E', 'W']",0.0,20
"(4022947860, 65287347, 0)","['E', 'W']",0.0,4
"(4022947860, 65341630, 0)",['W'],,1
"(4023087068, 65295399, 0)",['E'],,1
"(4023155492, 1148372880, 0)",['S'],1.0,13
"(4023155492, 4014218767, 0)",['SE'],,1
"(4023155492, 65352257, 0)","['N', 'S']",0.0,8
"(4023324382, 65287360, 0)",['E'],1.0,3
"(4104677530, 1148372849, 0)",['E'],,1
"(4104677530, 4694790279, 0)","['E', 'N', 'NE', 'S', 'SE']",0.0,39
"(4178749997, 65321333, 0)",['SE'],,1
"(4188186120, 65337383, 0)",['W'],,1
"(448034152, 65295436, 0)",['E'],,1
"(466335817, 259138402, 0)",['SW'],1.0,5
"(4694790279, 65303589, 0)","['N', 'S']",0.0,9
"(4694790279, 65315412, 0)","['N', 'NE', 'NW']",1.0,7
"(4941850449, 4941850444, 0)",['NE'],,1
"(4941850449, 65329503, 0)",['NE'],1.0,2
"(5020557558, 65307381, 0)",['W'],1.0,2
"(5020557558, 65332833, 0)",['E'],1.0,2
"(5283668859, 173175743, 0)","['E', 'W']",0.0,41
"(5283668859, 173175745, 0)","['E', 'W']",0.0,18
"(5283668862, 277334103, 0)",['N'],,1
"(5283668862, 65307443, 0)","['N', 'SW']",0.5,2
"(5283675522, 173176449, 0)","['E', 'W']",0.0,30
"(5283675522, 173176455, 0)","['E', 'NE', 'SW', 'W']",0.0,49
"(5318468081, 65303525, 0)","['NE', 'SW']",0.0,7
"(5352470014, 65329089, 0)",['W'],1.0,6
"(5433307349, 65314202, 0)",['N'],1.0,20
"(5610843322, 65312651, 0)",['N'],1.0,15
"(5647545821, 65295436, 0)","['E', 'W']",0.0,60
"(5647545821, 65295438, 0)","['E', 'W']",0.0,23
"(581251865, 65312520, 0)",['NE'],1.0,2
"(581251865, 65324871, 0)","['E', 'W']",0.0,4
"(581251865, 65324878, 0)","['NE', 'SW', 'W']",0.0,20
"(5826707779, 65363153, 0)","['NW', 'W']",1.0,58
"(5826707782, 65306789, 0)","['S', 'SE', 'SW']",1.0,4
"(5826707783, 5826707782, 0)","['S', 'SE']",1.0,4
"(5826707783, 5853161527, 0)","['S', 'SE']",1.0,10
"(5839244981, 65300069, 0)",['NW'],,1
"(5839953279, 5826353947, 0)","['NW', 'S', 'SW', 'W']",0.5,20
"(5853161522, 5853161525, 0)",['W'],,1
"(5853161524, 65325220, 0)","['S', 'SW', 'W']",1.0,3
"(5853161527, 5826707779, 0)","['NW', 'S', 'SE', 'SW', 'W']",0.0,11
"(5853161527, 5853161525, 0)","['S', 'SW', 'W']",1.0,62
"(5854943486, 65308413, 0)","['E', 'NE', 'NW', 'SE']",0.0,82
"(5854943486, 65327403, 0)","['NE', 'NW', 'SW']",0.0,30
"(599157361, 65296331, 0)","['N', 'S']",0.0,3
"(601280963, 258759746, 0)","['E', 'W']",0.0,78
"(601280963, 65287229, 0)",['E'],,1
"(601280963, 65352349, 0)","['E', 'W']",0.0,82
"(6319217960, 65303544, 0)",['W'],,1
"(6319217969, 65295299, 0)","['N', 'S']",0.0,3
"(6319217969, 65307381, 0)",['W'],,1
"(6319217971, 65319940, 0)",['N'],1.0,3
"(6320119975, 65299949, 0)",['N'],,1
"(6329528592, 65291006, 0)",['NE'],1.0,6
"(6329528595, 6329528592, 0)",['NE'],1.0,8
"(6336978425, 65345374, 0)",['W'],,1
"(6336978504, 6323949673, 0)",['N'],,1
"(6375094234, 5080202405, 0)",['NW'],,1
"(6375094234, 65300080, 0)",['NW'],1.0,12
"(6378899315, 65303541, 0)","['NW', 'S']",0.5,16
"(6378899315, 65307376, 0)","['N', 'S']",0.0,12
"(6378899319, 6378899315, 0)","['S', 'W']",1.0,15
"(6378899319, 65303541, 0)",['W'],,1
"(6378899554, 4019577207, 0)",['SE'],1.0,5
"(6522255428, 6522255492, 0)","['S', 'SW']",1.0,2
"(6522255492, 65367373, 0)","['E', 'S', 'SE']",1.0,19
"(6522764204, 260494513, 0)","['NE', 'S']",0.5,3
"(65280069, 65280072, 0)",['W'],1.0,3
"(65280072, 65295447, 0)","['E', 'W']",0.0,51
"(65280072, 65295449, 0)","['E', 'W']",0.0,8
"(65280083, 65340583, 0)",['E'],,1
"(65281061, 65371963, 0)",['SE'],1.0,2
"(65281097, 65281916, 0)",['SE'],1.0,10
"(65281097, 65290798, 0)",['SE'],,1
"(65281270, 766946830, 0)",['W'],,1
"(65281916, 65281097, 0)",['SE'],1.0,4
"(65281916, 65325050, 0)",['SE'],,1
"(65281944, 1260360822, 0)",['SE'],1.0,2
"(65281944, 65281916, 0)","['NW', 'SW']",1.0,5
"(65282779, 65281916, 0)","['S', 'SW']",1.0,18
"(65283381, 767741496, 0)","['NW', 'SE']",0.0,2
"(65285688, 65353096, 0)",['E'],1.0,3
"(65285688, 6913099452, 0)","['E', 'W']",0.0,8
"(65287209, 65350747, 0)",['E'],1.0,2
"(65287216, 65319004, 0)",['NE'],,1
"(65287225, 65328209, 0)",['E'],,1
"(65287232, 65352349, 0)",['E'],,1
"(65287243, 65339290, 0)","['E', 'N']",1.0,31
"(65287245, 65301525, 0)",['E'],1.0,2
"(65287251, 65287254, 0)","['S', 'W']",1.0,4
"(65287251, 65336865, 0)","['E', 'S', 'SE']",1.0,20
"(65287254, 65287251, 0)",['W'],1.0,6
"(65287254, 65287260, 0)","['NE', 'W']",0.5,11
"(65287260, 65287254, 0)",['W'],1.0,6
"(65287260, 65313365, 0)","['N', 'NW', 'S', 'SE', 'SW']",0.0,27
"(65287260, 6910272811, 0)","['E', 'NE', 'SW', 'W']",0.0,85
"(65287261, 65287262, 0)","['E', 'NE', 'W']",0.0,30
"(65287261, 65356407, 0)",['E'],1.0,2
"(65287261, 6910272811, 0)",['W'],1.0,2
"(65287262, 65287261, 0)","['E', 'NE', 'W']",0.0,65
"(65287262, 65287265, 0)","['E', 'W']",0.0,62
"(65287262, 65369603, 0)",['W'],1.0,3
"(65287265, 65287262, 0)","['E', 'W']",0.0,29
"(65287265, 65287273, 0)","['E', 'W']",0.0,24
"(65287265, 65297347, 0)",['W'],1.0,9
"(65287273, 65287265, 0)","['E', 'W']",0.0,8
"(65287273, 65287277, 0)","['E', 'NE', 'W']",0.0,38
"(65287273, 65369521, 0)",['W'],,1
"(65287277, 65287273, 0)","['E', 'W']",0.0,7
"(65287277, 65287280, 0)","['E', 'SW', 'W']",0.0,51
"(65287280, 65287277, 0)","['E', 'SW', 'W']",0.0,15
"(65287280, 65287285, 0)","['E', 'NE', 'W']",0.0,86
"(65287285, 65287280, 0)","['E', 'W']",0.0,25
"(65287285, 65287287, 0)","['E', 'SW', 'W']",0.0,45
"(65287285, 65347539, 0)",['W'],1.0,7
"(65287287, 65287285, 0)","['E', 'SW', 'W']",0.0,121
"(65287287, 65287288, 0)","['E', 'W']",0.0,30
"(65287287, 65325408, 0)","['E', 'N', 'S', 'SE']",0.0,39
"(65287288, 65287287, 0)","['E', 'NW', 'SW', 'W']",0.0,82
"(65287288, 65287290, 0)","['E', 'W']",0.0,12
"(65287288, 65352302, 0)","['SW', 'W']",1.0,4
"(65287290, 65287288, 0)","['E', 'W']",0.0,38
"(65287290, 65287298, 0)","['E', 'NE', 'W']",0.0,53
"(65287290, 65291765, 0)",['W'],1.0,3
"(65287298, 4021607643, 0)","['E', 'SW', 'W']",0.0,63
"(65287298, 65287290, 0)","['E', 'NE', 'SE', 'W']",0.0,113
"(65287298, 65315794, 0)","['N', 'NW', 'S', 'W']",0.0,32
"(65287319, 4022924680, 0)","['E', 'NE', 'W']",0.0,86
"(65287319, 4022924683, 0)","['E', 'W']",0.0,46
"(65287319, 65375419, 0)","['S', 'W']",1.0,36
"(65287324, 4022924675, 0)","['E', 'W']",0.0,34
"(65287324, 4022924683, 0)","['E', 'W']",0.0,14
"(65287329, 258756009, 0)","['E', 'W']",0.0,31
"(65287329, 4022924668, 0)","['E', 'W']",0.0,28
"(65287332, 65287336, 0)","['E', 'W']",0.0,7
"(65287332, 65328898, 0)",['E'],,1
"(65287336, 4022947857, 0)","['E', 'W']",0.0,23
"(65287336, 65287332, 0)","['E', 'W']",0.0,30
"(65287347, 4022947860, 0)","['E', 'W']",0.0,25
"(65287347, 65287349, 0)","['E', 'W']",0.0,17
"(65287349, 4022941220, 0)","['E', 'W']",0.0,4
"(65287349, 65287347, 0)","['E', 'W']",0.0,6
"(65287349, 65359482, 0)",['W'],,1
"(65287356, 4022941218, 0)","['E', 'W']",0.0,42
"(65287356, 4022941223, 0)","['E', 'W']",0.0,6
"(65287356, 5649055159, 0)",['W'],,1
"(65287360, 4022941212, 0)","['E', 'W']",0.0,9
"(65287360, 4022941218, 0)","['E', 'W']",0.0,15
"(65287360, 65309559, 0)",['W'],1.0,2
"(65287360, 65328836, 0)",['E'],1.0,2
"(65287366, 4022941212, 0)","['E', 'W']",0.0,36
"(65287366, 4022941215, 0)","['E', 'W']",0.0,20
"(65287373, 4022941217, 0)","['E', 'W']",0.0,31
"(65287373, 4022941225, 0)","['E', 'W']",0.0,19
"(65287402, 3997925114, 0)",['E'],,1
"(65287402, 4017523978, 0)","['E', 'W']",0.0,3
"(65287402, 4021327374, 0)","['E', 'W']",0.0,22
"(65287402, 65297058, 0)",['W'],1.0,2
"(65287415, 4021327363, 0)","['E', 'SE', 'W']",0.0,26
"(65287415, 65336459, 0)","['N', 'NE', 'NW', 'S', 'W']",0.0,86
"(65287662, 65287660, 0)",['W'],,1
"(65287662, 65295434, 0)","['E', 'W']",0.0,76
"(65287662, 65295435, 0)","['E', 'NE', 'W']",0.0,50
"(65287674, 65302780, 0)","['E', 'W']",0.0,3
"(65287674, 65349661, 0)","['E', 'W']",0.0,4
"(65287699, 65287700, 0)",['W'],,1
"(65287700, 65287702, 0)",['E'],,1
"(65287700, 65295422, 0)","['E', 'W']",0.0,15
"(65287700, 65295434, 0)","['E', 'W']",0.0,12
"(65287702, 65287700, 0)",['E'],,1
"(65287711, 65287714, 0)",['N'],,1
"(65287711, 65324623, 0)","['E', 'W']",0.0,7
"(65287711, 65349661, 0)","['E', 'W']",0.0,3
"(65287714, 4022924674, 0)",['W'],,1
"(65288811, 265666764, 0)",['W'],1.0,5
"(65288811, 65322282, 0)",['N'],1.0,15
"(65288875, 65288872, 0)",['N'],,1
"(65288875, 65288878, 0)",['S'],,1
"(65288875, 65296348, 0)","['N', 'S']",0.0,60
"(65288875, 65296351, 0)","['N', 'S']",0.0,19
"(65289005, 65312208, 0)","['E', 'W']",0.0,2
"(65289269, 65295489, 0)",['W'],,1
"(65289320, 65295436, 0)",['W'],,1
"(65289331, 65295444, 0)",['W'],1.0,2
"(65289335, 65295449, 0)",['W'],,1
"(65289340, 65295452, 0)",['W'],1.0,3
"(65289343, 65295455, 0)",['W'],,1
"(65289350, 2768893484, 0)",['W'],,1
"(65289353, 65295471, 0)",['W'],1.0,2
"(65289364, 4022941216, 0)",['W'],,1
"(65289367, 65295485, 0)",['W'],,1
"(65289371, 65295487, 0)",['W'],,1
"(65289375, 65293105, 0)","['E', 'W']",0.0,3
"(65289886, 65310843, 0)",['S'],,1
"(65290041, 65287373, 0)",['E'],,1
"(65290217, 65300059, 0)",['NW'],1.0,9
"(65290286, 65290291, 0)",['E'],,1
"(65290286, 65308767, 0)","['E', 'SW', 'W']",0.0,44
"(65290286, 65328978, 0)","['E', 'W']",0.0,4
"(65290798, 65281097, 0)",['SE'],1.0,2
"(65290798, 65315481, 0)",['SE'],1.0,18
"(65290920, 65324916, 0)",['N'],,1
"(65290947, 65290949, 0)",['N'],1.0,2
"(65290949, 65308708, 0)",['S'],1.0,16
"(65290949, 65308770, 0)","['N', 'S']",0.0,4
"(65291006, 10251824554, 0)",['NE'],1.0,15
"(65291006, 6329528592, 0)",['NE'],1.0,24
"(65291284, 65291286, 0)",['W'],,1
"(65291286, 1636827301, 0)","['E', 'W']",0.0,2
"(65291286, 65312056, 0)","['E', 'W']",0.0,37
"(65291341, 65312281, 0)","['E', 'W']",0.0,28
"(65291341, 65318115, 0)","['E', 'W']",0.0,30
"(65291752, 65291756, 0)",['E'],,1
"(65291752, 65315787, 0)",['W'],,1
"(65291752, 65315790, 0)","['E', 'W']",0.0,16
"(65291752, 65365950, 0)",['E'],1.0,2
"(65291765, 65287290, 0)",['E'],,1
"(65292416, 65292419, 0)",['N'],,1
"(65292419, 65298353, 0)","['N', 'S']",0.0,29
"(65292419, 65333496, 0)","['N', 'NE', 'S']",0.0,8
"(65292527, 10155002500, 0)",['NW'],1.0,2
"(65292537, 65346430, 0)","['NW', 'SE']",0.0,19
"(65292734, 65303566, 0)","['E', 'W']",0.0,2
"(65292734, 65303568, 0)","['E', 'W']",0.0,2
"(65292743, 173176449, 0)","['E', 'NE', 'W']",0.0,37
"(65292743, 65307438, 0)","['E', 'W']",0.0,33
"(65292745, 65292743, 0)",['W'],,1
"(65292747, 65328351, 0)",['NE'],,1
"(65292764, 65312700, 0)","['E', 'W']",0.0,33
"(65292764, 65312705, 0)","['E', 'W']",0.0,27
"(65292874, 65292875, 0)",['W'],,1
"(65292875, 65312053, 0)","['E', 'W']",0.0,4
"(65292875, 65312056, 0)","['E', 'W']",0.0,19
"(65292975, 65293729, 0)","['E', 'W']",0.0,31
"(65292975, 65298164, 0)","['E', 'W']",0.0,13
"(65292977, 65292975, 0)",['E'],,1
"(65293105, 65293108, 0)",['E'],,1
"(65293105, 65295487, 0)","['E', 'W']",0.0,23
"(65293105, 65295489, 0)","['E', 'W']",0.0,11
"(65293116, 65306568, 0)",['W'],,1
"(65293117, 65287366, 0)",['W'],1.0,2
"(65293538, 65293540, 0)",['S'],,1
"(65293538, 65308721, 0)",['S'],1.0,12
"(65293540, 65293538, 0)",['S'],,1
"(65293652, 65293657, 0)",['SE'],,1
"(65293652, 65296327, 0)","['N', 'S']",0.0,109
"(65293652, 65296328, 0)","['N', 'S']",0.0,16
"(65293657, 65293652, 0)","['E', 'S']",1.0,3
"(65293660, 65312121, 0)",['E'],,1
"(65293687, 1692478722, 0)",['NE'],,1
"(65293729, 65292975, 0)","['E', 'W']",0.0,9
"(65293729, 65312028, 0)","['E', 'W']",0.0,15
"(65293729, 65341404, 0)",['W'],1.0,3
"(65293741, 1723738829, 0)","['NE', 'SW']",0.0,14
"(65293779, 65315481, 0)",['SE'],,1
"(65293797, 65324087, 0)",['SE'],,1
"(65294136, 65347537, 0)","['E', 'W']",0.0,7
"(65294235, 65318046, 0)","['E', 'W']",0.0,12
"(65294381, 295218056, 0)","['E', 'W']",0.0,3
"(65294381, 65348379, 0)","['E', 'W']",0.0,46
"(65295275, 5854943486, 0)",['N'],,1
"(65295289, 65307363, 0)",['W'],,1
"(65295293, 65307366, 0)",['W'],1.0,2
"(65295299, 6319217969, 0)",['S'],,1
"(65295299, 65352435, 0)","['N', 'S']",0.0,9
"(65295328, 65307399, 0)",['W'],,1
"(65295345, 6710688121, 0)",['W'],,1
"(65295361, 65295364, 0)","['S', 'W']",1.0,5
"(65295361, 65307440, 0)",['S'],,1
"(65295364, 65295361, 0)","['S', 'W']",1.0,2
"(65295364, 65295367, 0)","['E', 'NE', 'S', 'SW', 'W']",0.0,86
"(65295364, 65307443, 0)","['N', 'NE', 'NW', 'S', 'SE']",0.0,82
"(65295367, 65295364, 0)","['E', 'NE', 'SW', 'W']",0.0,28
"(65295367, 65295369, 0)","['E', 'W']",0.0,67
"(65295369, 4019294259, 0)","['E', 'N', 'W']",0.0,80
"(65295369, 65295367, 0)","['E', 'W']",0.0,26
"(65295375, 4019294259, 0)","['E', 'W']",0.0,86
"(65295375, 65295377, 0)","['E', 'W']",0.0,63
"(65295377, 65295375, 0)","['E', 'W']",0.0,25
"(65295377, 65295379, 0)","['E', 'W']",0.0,76
"(65295377, 65336823, 0)",['E'],,1
"(65295379, 65295377, 0)","['E', 'W']",0.0,36
"(65295379, 65295383, 0)","['E', 'W']",0.0,25
"(65295379, 65307461, 0)",['W'],1.0,6
"(65295379, 65336671, 0)",['E'],,1
"(65295383, 4014218767, 0)","['E', 'N']",1.0,8
"(65295383, 4017324918, 0)",['E'],1.0,3
"(65295383, 65295379, 0)","['E', 'N', 'SW', 'W']",0.0,92
"(65295383, 65307463, 0)","['N', 'S']",0.0,4
"(65295385, 4017324918, 0)","['E', 'SW', 'W']",0.0,77
"(65295385, 65295388, 0)","['E', 'W']",0.0,94
"(65295385, 65297381, 0)",['N'],,1
"(65295388, 65295385, 0)","['E', 'W']",0.0,45
"(65295388, 65295392, 0)","['E', 'W']",0.0,24
"(65295388, 65307468, 0)",['W'],1.0,2
"(65295388, 65336308, 0)",['E'],,1
"(65295392, 65295388, 0)","['E', 'W']",0.0,67
"(65295392, 65295399, 0)","['E', 'W']",0.0,36
"(65295392, 65295740, 0)",['W'],1.0,2
"(65295399, 4023087068, 0)",['E'],1.0,2
"(65295399, 65295392, 0)","['E', 'W']",0.0,65
"(65295399, 65295401, 0)","['E', 'W']",0.0,28
"(65295399, 65307471, 0)",['W'],1.0,3
"(65295401, 65295399, 0)","['E', 'W']",0.0,89
"(65295401, 65295403, 0)",['E'],1.0,3
"(65295401, 9602564591, 0)",['E'],,1
"(65295403, 65295401, 0)","['E', 'W']",0.0,7
"(65295403, 65295405, 0)","['E', 'W']",0.0,30
"(65295403, 65307474, 0)","['S', 'SE', 'W']",0.5,8
"(65295405, 65295403, 0)","['E', 'S', 'SW', 'W']",0.0,53
"(65295405, 65295411, 0)","['E', 'W']",0.0,15
"(65295405, 65315442, 0)",['E'],,1
"(65295411, 65295405, 0)","['E', 'W']",0.0,50
"(65295411, 65295413, 0)","['E', 'W']",0.0,13
"(65295411, 65307477, 0)",['W'],,1
"(65295413, 65295411, 0)",['E'],1.0,3
"(65295413, 65295415, 0)","['E', 'W']",0.0,69
"(65295415, 65295413, 0)","['E', 'SW', 'W']",0.0,20
"(65295415, 65295420, 0)","['E', 'N', 'NE', 'W']",0.0,36
"(65295420, 65295415, 0)","['E', 'N', 'NE', 'W']",0.0,112
"(65295420, 65295422, 0)","['E', 'SW', 'W']",0.0,25
"(65295420, 65307479, 0)","['N', 'W']",1.0,9
"(65295420, 65315779, 0)","['E', 'N', 'S', 'SE']",0.0,21
"(65295422, 65287700, 0)","['E', 'W']",0.0,26
"(65295422, 65289312, 0)",['W'],1.0,2
"(65295422, 65295420, 0)","['E', 'S', 'SW', 'W']",0.0,58
"(65295434, 65287662, 0)","['E', 'W']",0.0,29
"(65295434, 65287700, 0)","['E', 'W']",0.0,47
"(65295434, 65289314, 0)",['W'],,1
"(65295434, 65347067, 0)",['E'],,1
"(65295435, 65287662, 0)","['E', 'W']",0.0,17
"(65295435, 65295436, 0)","['E', 'W']",0.0,12
"(65295436, 448034152, 0)",['E'],,1
"(65295436, 5647545821, 0)","['E', 'W']",0.0,29
"(65295436, 65295435, 0)","['E', 'SW', 'W']",0.0,79
"(65295438, 5647545821, 0)","['E', 'W']",0.0,4
"(65295438, 65295442, 0)","['E', 'W']",0.0,62
"(65295438, 65356287, 0)",['E'],1.0,2
"(65295442, 65295438, 0)","['E', 'W']",0.0,15
"(65295442, 65295444, 0)","['E', 'W']",0.0,44
"(65295442, 65297717, 0)",['E'],,1
"(65295444, 65295442, 0)","['E', 'W']",0.0,13
"(65295444, 65295447, 0)","['E', 'W']",0.0,30
"(65295444, 65356290, 0)",['E'],,1
"(65295447, 65280072, 0)","['E', 'W']",0.0,15
"(65295447, 65289333, 0)",['W'],,1
"(65295447, 65295444, 0)","['E', 'W']",0.0,30
"(65295447, 65356292, 0)",['E'],1.0,2
"(65295449, 258756003, 0)","['E', 'W']",0.0,6
"(65295449, 65280072, 0)","['E', 'W']",0.0,52
"(65295449, 65289335, 0)",['W'],,1
"(65295449, 65340578, 0)",['E'],,1
"(65295450, 65295452, 0)","['E', 'W']",0.0,47
"(65295450, 65330045, 0)",['E'],1.0,3
"(65295452, 65295450, 0)","['E', 'W']",0.0,10
"(65295452, 65295455, 0)","['E', 'W']",0.0,12
"(65295452, 65356296, 0)",['E'],,1
"(65295455, 65295452, 0)","['E', 'W']",0.0,44
"(65295455, 65295458, 0)","['E', 'W']",0.0,9
"(65295455, 65356298, 0)",['E'],,1
"(65295458, 2768893484, 0)","['E', 'W']",0.0,12
"(65295458, 65289347, 0)",['W'],1.0,2
"(65295458, 65295455, 0)","['E', 'W']",0.0,40
"(65295466, 2768893484, 0)","['E', 'W']",0.0,22
"(65295466, 65295471, 0)","['E', 'W']",0.0,30
"(65295466, 65341625, 0)",['E'],,1
"(65295471, 65289353, 0)",['W'],1.0,4
"(65295471, 65295466, 0)","['E', 'W']",0.0,37
"(65295471, 65295474, 0)","['E', 'W']",0.0,39
"(65295474, 65289356, 0)",['W'],,1
"(65295474, 65295471, 0)","['E', 'W']",0.0,16
"(65295474, 65295477, 0)","['E', 'W']",0.0,34
"(65295474, 65356300, 0)",['E'],,1
"(65295477, 65295474, 0)","['E', 'W']",0.0,8
"(65295477, 65295480, 0)","['E', 'W']",0.0,53
"(65295477, 65351708, 0)",['E'],,1
"(65295480, 65289361, 0)",['W'],,1
"(65295480, 65295477, 0)","['E', 'W']",0.0,12
"(65295480, 65295482, 0)","['E', 'W']",0.0,11
"(65295482, 4022941216, 0)","['E', 'W']",0.0,22
"(65295482, 65295480, 0)","['E', 'W']",0.0,59
"(65295485, 4022941216, 0)","['E', 'W']",0.0,59
"(65295485, 65295487, 0)","['E', 'W']",0.0,49
"(65295487, 65293105, 0)","['E', 'W']",0.0,10
"(65295487, 65295485, 0)","['E', 'W']",0.0,22
"(65295489, 65293105, 0)","['E', 'W']",0.0,46
"(65295489, 65295493, 0)","['E', 'W']",0.0,46
"(65295493, 65289275, 0)",['W'],,1
"(65295493, 65295489, 0)","['E', 'W']",0.0,19
"(65295493, 65295496, 0)","['E', 'W']",0.0,53
"(65295496, 4023017968, 0)",['W'],,1
"(65295496, 65295493, 0)","['E', 'W']",0.0,8
"(65295496, 65295497, 0)","['E', 'W']",0.0,51
"(65295497, 65295496, 0)","['E', 'W']",0.0,13
"(65295497, 65295499, 0)","['E', 'NE', 'W']",0.0,49
"(65295497, 65320104, 0)",['W'],,1
"(65295499, 1720923617, 0)","['S', 'SW']",1.0,8
"(65295499, 65295497, 0)","['E', 'NE', 'W']",0.0,12
"(65295499, 65307164, 0)","['N', 'S', 'SE']",0.0,44
"(65296069, 4021327380, 0)",['E'],,1
"(65296214, 65317590, 0)","['E', 'W']",0.0,12
"(65296214, 65330449, 0)","['E', 'W']",0.0,2
"(65296275, 4018939473, 0)","['S', 'SE']",1.0,11
"(65296309, 4018939403, 0)","['NW', 'SE']",0.0,3
"(65296309, 65296310, 0)","['N', 'S']",0.0,71
"(65296309, 65314393, 0)",['SE'],,1
"(65296310, 65296309, 0)","['N', 'S']",0.0,25
"(65296310, 65296312, 0)","['N', 'S']",0.0,22
"(65296310, 65309792, 0)",['S'],,1
"(65296312, 65296310, 0)","['N', 'S']",0.0,8
"(65296312, 65296314, 0)","['N', 'S']",0.0,31
"(65296314, 65296312, 0)","['N', 'S']",0.0,6
"(65296314, 65296316, 0)","['N', 'S']",0.0,23
"(65296316, 65296314, 0)","['N', 'S']",0.0,14
"(65296316, 65296319, 0)","['N', 'S']",0.0,36
"(65296316, 65362638, 0)",['N'],,1
"(65296316, 65369164, 0)",['S'],1.0,2
"(65296319, 65296316, 0)","['N', 'S']",0.0,10
"(65296319, 65296321, 0)","['N', 'S']",0.0,4
"(65296321, 65296319, 0)","['N', 'S']",0.0,29
"(65296321, 65296324, 0)","['N', 'S']",0.0,39
"(65296324, 1692478761, 0)",['S'],,1
"(65296324, 65296321, 0)",['S'],1.0,5
"(65296327, 260494513, 0)","['N', 'S']",0.0,97
"(65296327, 65293652, 0)","['N', 'S']",0.0,61
"(65296327, 65324863, 0)","['E', 'N', 'W']",0.0,27
"(65296327, 65324866, 0)","['E', 'S', 'W']",0.0,12
"(65296328, 65293652, 0)","['N', 'S']",0.0,54
"(65296328, 65296329, 0)","['N', 'S']",0.0,29
"(65296328, 65354018, 0)",['S'],1.0,2
"(65296329, 65296328, 0)","['N', 'S']",0.0,18
"(65296329, 65296331, 0)","['N', 'S']",0.0,9
"(65296331, 65296329, 0)","['N', 'S']",0.0,33
"(65296331, 65296333, 0)","['N', 'S']",0.0,27
"(65296331, 65302219, 0)",['N'],1.0,2
"(65296333, 65296331, 0)","['N', 'S']",0.0,11
"(65296333, 65296334, 0)","['N', 'S']",0.0,16
"(65296334, 2800130439, 0)",['S'],1.0,2
"(65296334, 65296333, 0)","['N', 'S']",0.0,35
"(65296334, 65296337, 0)","['N', 'S']",0.0,18
"(65296334, 65362651, 0)",['N'],1.0,3
"(65296337, 65296334, 0)","['N', 'S']",0.0,30
"(65296337, 65296340, 0)","['N', 'S']",0.0,36
"(65296337, 65304073, 0)",['S'],1.0,2
"(65296340, 65296337, 0)","['N', 'S']",0.0,20
"(65296340, 65296343, 0)","['N', 'S']",0.0,47
"(65296343, 65296340, 0)","['N', 'S']",0.0,19
"(65296343, 65296346, 0)","['N', 'S']",0.0,73
"(65296343, 65304078, 0)",['S'],,1
"(65296346, 1000699966, 0)",['S'],1.0,2
"(65296346, 65296343, 0)","['N', 'S']",0.0,25
"(65296346, 65296348, 0)","['N', 'S', 'SE']",0.0,75
"(65296348, 65288875, 0)","['N', 'S']",0.0,23
"(65296348, 65296346, 0)","['N', 'S', 'SE']",0.0,25
"(65296348, 65304084, 0)",['S'],,1
"(65296351, 65288875, 0)","['N', 'S']",0.0,37
"(65296351, 65296354, 0)","['N', 'NW', 'S', 'W']",0.0,33
"(65296351, 65304088, 0)","['N', 'S']",0.0,4
"(65296351, 65305514, 0)",['N'],,1
"(65296354, 65296351, 0)","['N', 'NW', 'S']",0.0,17
"(65296354, 65354542, 0)","['E', 'NW', 'SE', 'SW', 'W']",0.0,76
"(65296369, 65296774, 0)",['S'],,1
"(65296372, 65336422, 0)",['S'],,1
"(65296374, 65306684, 0)",['N'],1.0,2
"(65296774, 65296369, 0)","['N', 'S']",0.0,4
"(65296774, 65296771, 0)",['N'],,1
"(65296774, 65327285, 0)","['N', 'S']",0.0,55
"(65296774, 65336422, 0)","['N', 'S']",0.0,33
"(65296947, 65312677, 0)",['E'],,1
"(65297053, 65330033, 0)",['W'],,1
"(65297087, 4022941216, 0)",['E'],,1
"(65297095, 65309555, 0)","['E', 'W']",0.0,2
"(65297095, 65329901, 0)",['E'],,1
"(65297347, 65287265, 0)",['W'],1.0,2
"(65297381, 65295385, 0)","['N', 'W']",1.0,3
"(65297405, 65347537, 0)","['E', 'W']",0.0,6
"(65297405, 65361705, 0)","['E', 'W']",0.0,6
"(65297465, 65297486, 0)",['E'],1.0,7
"(65297465, 65298164, 0)","['E', 'W']",0.0,4
"(65297468, 65297465, 0)",['E'],,1
"(65297486, 65297482, 0)",['E'],,1
"(65297486, 65312022, 0)","['E', 'SE', 'W']",0.0,13
"(65297832, 65339460, 0)",['S'],1.0,32
"(65298164, 65292975, 0)","['E', 'SE', 'W']",0.0,26
"(65298164, 65297465, 0)","['E', 'W']",0.0,10
"(65298173, 259138401, 0)",['SW'],,1
"(65298178, 65312070, 0)",['N'],1.0,4
"(65298353, 65292419, 0)","['N', 'S']",0.0,16
"(65298353, 65298355, 0)",['S'],,1
"(65298353, 65332164, 0)","['N', 'S']",0.0,23
"(65298398, 10946845801, 0)","['E', 'W']",0.0,22
"(65298398, 65319894, 0)",['W'],1.0,2
"(65299118, 65300056, 0)",['NW'],1.0,6
"(65299327, 330662141, 0)",['N'],,1
"(65299327, 4019577207, 0)","['N', 'S', 'SE']",0.0,17
"(65299327, 65334013, 0)","['N', 'S']",0.0,25
"(65299429, 65333929, 0)",['S'],1.0,2
"(65299429, 65345292, 0)","['N', 'S']",0.0,2
"(65299624, 65349683, 0)",['E'],,1
"(65299793, 65317386, 0)",['S'],1.0,2
"(65299968, 65299984, 0)",['N'],,1
"(65300049, 10251824554, 0)",['NE'],1.0,8
"(65300049, 65300052, 0)",['NW'],1.0,25
"(65300054, 65299118, 0)",['NW'],1.0,5
"(65300056, 65290217, 0)",['NW'],1.0,4
"(65300059, 5839244979, 0)",['NW'],1.0,4
"(65300069, 65300073, 0)",['NW'],1.0,6
"(65300073, 65300078, 0)",['NW'],1.0,13
"(65300078, 6375094234, 0)",['NW'],,1
"(65300080, 65300085, 0)",['NW'],1.0,19
"(65300085, 65300093, 0)",['NW'],1.0,9
"(65300085, 65306804, 0)",['SE'],,1
"(65300093, 65300097, 0)",['NW'],1.0,5
"(65300097, 65300105, 0)",['NW'],1.0,16
"(65300097, 65342807, 0)",['NW'],,1
"(65300097, 65351772, 0)",['SE'],1.0,3
"(65300105, 65300107, 0)",['NW'],1.0,6
"(65300107, 65306996, 0)","['NE', 'NW', 'SW']",0.0,15
"(65300107, 65318332, 0)",['NE'],1.0,3
"(65300107, 65334111, 0)","['N', 'NE', 'NW', 'SW']",0.0,152
"(65300475, 258964505, 0)",['N'],,1
"(65300475, 65300486, 0)","['N', 'NW']",1.0,23
"(65300475, 65343468, 0)","['NW', 'W']",1.0,14
"(65300495, 258964508, 0)",['E'],1.0,3
"(65300495, 65300507, 0)",['SE'],,1
"(65300495, 65343473, 0)",['SE'],1.0,38
"(65301508, 259138834, 0)",['S'],,1
"(65301520, 259138840, 0)",['S'],1.0,2
"(65301525, 2819241004, 0)","['E', 'W']",0.0,82
"(65301525, 65336865, 0)","['E', 'SW', 'W']",0.0,93
"(65301534, 259138849, 0)",['S'],,1
"(65301536, 259138850, 0)",['S'],,1
"(65301549, 259138858, 0)","['E', 'S']",1.0,4
"(65301549, 4015833309, 0)","['N', 'NW', 'W']",1.0,4
"(65301554, 65295375, 0)",['E'],1.0,2
"(65301575, 65339516, 0)",['S'],,1
"(65301577, 65336831, 0)","['E', 'W']",0.0,9
"(65301577, 65337445, 0)","['E', 'SW', 'W']",0.0,10
"(65301579, 65301577, 0)","['E', 'W']",0.0,2
"(65301587, 65312716, 0)","['E', 'W']",0.0,27
"(65301587, 65312718, 0)","['E', 'W']",0.0,15
"(65302139, 65308730, 0)",['S'],1.0,12
"(65302394, 65307069, 0)","['NE', 'SW']",0.0,20
"(65302394, 65312043, 0)","['E', 'NE', 'SW']",0.0,27
"(65302527, 65302394, 0)",['SW'],,1
"(65302771, 65295435, 0)","['E', 'NE']",1.0,3
"(65302780, 65287674, 0)","['E', 'W']",0.0,11
"(65302780, 65302782, 0)","['N', 'S', 'SW']",0.0,22
"(65302782, 4022927416, 0)","['N', 'S', 'W']",0.0,21
"(65302782, 65302780, 0)","['N', 'S']",0.0,10
"(65302782, 65314572, 0)",['W'],1.0,3
"(65302893, 65298178, 0)",['N'],1.0,6
"(65303362, 65333496, 0)",['NE'],,1
"(65303525, 5318468081, 0)","['NE', 'SW']",0.0,2
"(65303525, 65303529, 0)","['NE', 'SW', 'W']",0.0,99
"(65303525, 65319911, 0)",['SW'],,1
"(65303529, 65303533, 0)",['W'],1.0,2
"(65303529, 65305814, 0)","['NE', 'SW']",0.0,33
"(65303533, 65303538, 0)","['NW', 'W']",1.0,20
"(65303533, 65319923, 0)",['NW'],,1
"(65303538, 1271001348, 0)",['W'],,1
"(65303538, 6378899319, 0)",['W'],1.0,23
"(65303538, 65319933, 0)",['W'],1.0,3
"(65303541, 1271001343, 0)",['S'],1.0,13
"(65303541, 65303544, 0)",['W'],1.0,3
"(65303544, 65303546, 0)",['W'],,1
"(65303546, 65303548, 0)",['W'],1.0,2
"(65303548, 65303550, 0)",['W'],1.0,2
"(65303550, 65303552, 0)",['W'],1.0,3
"(65303552, 65303553, 0)",['W'],1.0,2
"(65303554, 65303556, 0)",['W'],1.0,5
"(65303556, 258758548, 0)",['W'],1.0,2
"(65303559, 65303560, 0)",['W'],1.0,2
"(65303560, 65303561, 0)",['W'],1.0,3
"(65303566, 4014319583, 0)",['W'],,1
"(65303566, 65292734, 0)","['E', 'W']",0.0,2
"(65303566, 65314187, 0)",['S'],,1
"(65303568, 65292734, 0)",['E'],,1
"(65303573, 258759767, 0)","['E', 'W']",0.0,3
"(65303573, 65303574, 0)","['E', 'W']",0.0,3
"(65303574, 65303573, 0)",['E'],1.0,2
"(65303574, 65303577, 0)","['E', 'W']",0.0,3
"(65303577, 65303574, 0)","['E', 'W']",0.0,3
"(65303577, 65303578, 0)","['E', 'W']",0.0,2
"(65303578, 65303577, 0)",['E'],,1
"(65303578, 65303581, 0)","['E', 'N', 'W']",0.0,5
"(65303581, 65303578, 0)","['E', 'W']",0.0,3
"(65303581, 65319992, 0)","['E', 'N']",1.0,31
"(65303583, 4015833309, 0)","['E', 'W']",0.0,11
"(65303583, 65303586, 0)","['E', 'W']",0.0,2
"(65303586, 65303583, 0)","['E', 'W']",0.0,4
"(65303586, 65303589, 0)","['E', 'W']",0.0,5
"(65303589, 4694790279, 0)","['N', 'S', 'SE']",0.0,32
"(65303589, 65303586, 0)","['E', 'W']",0.0,8
"(65303589, 65314212, 0)","['N', 'S', 'SE', 'SW', 'W']",0.0,17
"(65303689, 65352321, 0)","['E', 'N', 'W']",0.0,126
"(65303689, 65352325, 0)","['E', 'W']",0.0,62
"(65304059, 11397069573, 0)",['W'],1.0,2
"(65304065, 260494516, 0)","['N', 'W']",1.0,3
"(65304065, 65312121, 0)","['E', 'W']",0.0,15
"(65304065, 65324866, 0)","['E', 'W']",0.0,12
"(65304075, 65296340, 0)",['S'],,1
"(65304078, 65296343, 0)",['S'],,1
"(65304997, 260494519, 0)",['W'],1.0,2
"(65304997, 65312121, 0)","['E', 'W']",0.0,20
"(65304997, 65324869, 0)","['E', 'W']",0.0,2
"(65305069, 65292537, 0)",['SE'],,1
"(65305076, 65305089, 0)",['NE'],1.0,2
"(65305089, 65356422, 0)","['E', 'NE', 'W']",0.0,28
"(65305117, 65343473, 0)",['SE'],1.0,2
"(65305814, 65318326, 0)","['NE', 'SE', 'SW']",0.0,117
"(65305815, 65303529, 0)",['W'],,1
"(65305819, 65295287, 0)",['W'],,1
"(65305819, 65307363, 0)",['W'],1.0,41
"(65305824, 65305819, 0)",['W'],1.0,24
"(65305824, 65356185, 0)",['W'],1.0,7
"(65305827, 65305824, 0)",['E'],1.0,2
"(65305827, 65336950, 0)",['E'],1.0,20
"(65305829, 65305827, 0)",['E'],,1
"(65306087, 65295320, 0)",['W'],1.0,6
"(65306087, 65307397, 0)",['W'],1.0,31
"(65306562, 65318505, 0)",['E'],,1
"(65306684, 65296374, 0)","['N', 'S']",0.0,6
"(65306684, 65333397, 0)","['N', 'S']",0.0,8
"(65306684, 65336422, 0)","['N', 'S']",0.0,42
"(65306789, 65306793, 0)",['SW'],1.0,2
"(65306793, 65306789, 0)",['SW'],,1
"(65306793, 65325220, 0)",['NW'],,1
"(65306802, 65300085, 0)",['NW'],1.0,2
"(65306804, 65351774, 0)",['SE'],1.0,16
"(65306804, 6873099368, 0)",['SW'],,1
"(65306810, 65325037, 0)",['S'],,1
"(65306996, 65300105, 0)",['NW'],,1
"(65307040, 65324869, 0)","['E', 'W']",0.0,7
"(65307040, 65324871, 0)","['E', 'W']",0.0,7
"(65307069, 65302394, 0)","['NE', 'SW']",0.0,3
"(65307069, 65312050, 0)","['E', 'NE', 'SW', 'W']",0.0,28
"(65307150, 65295499, 0)",['W'],,1
"(65307164, 65295499, 0)",['N'],1.0,13
"(65307164, 65307165, 0)","['N', 'S']",0.0,16
"(65307164, 65351953, 0)",['S'],1.0,2
"(65307165, 258910948, 0)",['S'],1.0,46
"(65307165, 65307164, 0)","['N', 'NE', 'NW', 'S']",0.0,78
"(65307165, 65333130, 0)","['E', 'NE', 'S']",0.5,35
"(65307172, 65333137, 0)",['E'],,1
"(65307175, 4022941228, 0)",['W'],,1
"(65307322, 65327927, 0)","['E', 'W']",0.0,18
"(65307322, 65327929, 0)","['E', 'W']",0.0,7
"(65307349, 340164576, 0)",['SE'],,1
"(65307352, 65307354, 0)","['SW', 'W']",1.0,32
"(65307354, 65307356, 0)",['W'],1.0,24
"(65307354, 65327408, 0)","['E', 'N', 'W']",0.0,7
"(65307356, 65307359, 0)",['W'],1.0,34
"(65307359, 4019009276, 0)",['W'],1.0,14
"(65307359, 65356180, 0)",['W'],,1
"(65307363, 65307366, 0)","['SW', 'W']",1.0,45
"(65307363, 65356185, 0)",['W'],1.0,13
"(65307366, 65307368, 0)","['N', 'SW', 'W']",0.5,28
"(65307366, 65328707, 0)",['W'],1.0,8
"(65307368, 65307376, 0)",['W'],1.0,60
"(65307376, 6378899315, 0)","['N', 'S']",0.0,37
"(65307376, 65307381, 0)","['S', 'SW', 'W']",1.0,53
"(65307376, 65336961, 0)","['N', 'S', 'W']",0.0,15
"(65307381, 5020557558, 0)",['W'],1.0,10
"(65307381, 6319217963, 0)",['W'],1.0,2
"(65307381, 65307389, 0)",['W'],1.0,64
"(65307389, 65306087, 0)",['W'],1.0,18
"(65307389, 65326726, 0)","['E', 'W']",0.0,3
"(65307397, 65307399, 0)","['SW', 'W']",1.0,40
"(65307397, 65336974, 0)",['SW'],,1
"(65307399, 65295328, 0)","['N', 'W']",1.0,3
"(65307399, 65307404, 0)","['SW', 'W']",1.0,46
"(65307399, 65336976, 0)",['W'],1.0,9
"(65307404, 65307408, 0)",['W'],1.0,58
"(65307404, 65336987, 0)",['W'],,1
"(65307408, 65307412, 0)",['W'],1.0,52
"(65307408, 65336993, 0)",['W'],1.0,2
"(65307412, 65295337, 0)",['W'],,1
"(65307412, 65307414, 0)",['W'],1.0,55
"(65307414, 258758544, 0)","['SW', 'W']",1.0,63
"(65307417, 6710688121, 0)","['SW', 'W']",1.0,54
"(65307438, 65292743, 0)","['E', 'SW', 'W']",0.0,64
"(65307438, 65307440, 0)","['E', 'SW', 'W']",0.0,54
"(65307438, 65328349, 0)","['E', 'N', 'W']",0.0,3
"(65307440, 65295361, 0)","['E', 'S']",1.0,6
"(65307440, 65307438, 0)","['E', 'W']",0.0,113
"(65307440, 65307443, 0)","['E', 'NE', 'SW', 'W']",0.0,109
"(65307440, 65336914, 0)",['S'],,1
"(65307443, 65295364, 0)","['N', 'NW', 'S', 'SE']",0.0,27
"(65307443, 65307440, 0)","['E', 'N', 'NE', 'SW', 'W']",0.0,74
"(65307443, 65307448, 0)",['E'],,1
"(65307448, 65295367, 0)",['W'],1.0,2
"(65307448, 65307453, 0)",['E'],,1
"(65307453, 65295369, 0)",['W'],1.0,2
"(65307456, 65295377, 0)",['W'],1.0,2
"(65307463, 65295383, 0)","['N', 'S', 'SW', 'W']",0.0,16
"(65307463, 65307461, 0)",['N'],,1
"(65307463, 65336924, 0)",['N'],1.0,5
"(65307468, 65295388, 0)",['W'],1.0,2
"(65307471, 65295399, 0)",['W'],,1
"(65307474, 65295403, 0)","['S', 'SE', 'SW', 'W']",0.5,14
"(65307474, 65307477, 0)",['E'],1.0,6
"(65307477, 65307474, 0)",['E'],1.0,9
"(65307477, 65307479, 0)","['E', 'N', 'NE']",1.0,7
"(65307479, 65295420, 0)",['N'],1.0,3
"(65307479, 65307477, 0)","['E', 'NE']",1.0,11
"(65307883, 65312210, 0)",['S'],,1
"(65307932, 65312028, 0)","['E', 'W']",0.0,21
"(65307932, 65312030, 0)","['E', 'W']",0.0,7
"(65308264, 65352321, 0)",['W'],1.0,4
"(65308272, 65352330, 0)",['W'],1.0,4
"(65308287, 65352344, 0)",['W'],1.0,5
"(65308302, 65352349, 0)","['E', 'N', 'S']",0.0,3
"(65308306, 65352351, 0)","['E', 'W']",0.0,5
"(65308325, 65339305, 0)",['N'],1.0,36
"(65308328, 65336865, 0)",['E'],,1
"(65308330, 6910182908, 0)",['W'],,1
"(65308332, 65313365, 0)",['SW'],1.0,2
"(65308334, 65287261, 0)","['E', 'N', 'NE', 'S', 'W']",0.0,7
"(65308339, 65353096, 0)",['E'],,1
"(65308364, 65315790, 0)","['N', 'S']",0.0,28
"(65308364, 65315792, 0)","['N', 'S']",0.0,5
"(65308413, 5826707783, 0)","['S', 'SE', 'SW']",1.0,36
"(65308413, 65329405, 0)","['E', 'SE']",1.0,7
"(65308413, 65363153, 0)","['NW', 'SE', 'SW']",0.0,14
"(65308456, 263991315, 0)",['N'],,1
"(65308456, 65308461, 0)",['S'],,1
"(65308456, 65349161, 0)",['S'],1.0,10
"(65308461, 65308456, 0)",['S'],1.0,8
"(65308495, 258911592, 0)","['N', 'NW', 'S']",0.0,32
"(65308495, 65315787, 0)","['N', 'S']",0.0,5
"(65308500, 65349661, 0)",['W'],,1
"(65308708, 65293538, 0)",['S'],1.0,7
"(65308721, 65302139, 0)",['S'],1.0,9
"(65308721, 65358921, 0)",['S'],,1
"(65308730, 65308735, 0)",['S'],1.0,5
"(65308735, 65308740, 0)",['S'],1.0,15
"(65308735, 65358925, 0)",['S'],,1
"(65308740, 1472411079, 0)",['S'],1.0,8
"(65308746, 261510697, 0)",['N'],1.0,16
"(65308746, 65345909, 0)",['N'],,1
"(65308767, 65290286, 0)","['E', 'NW', 'W']",0.0,14
"(65308767, 65308764, 0)",['N'],,1
"(65308767, 65308770, 0)","['N', 'S']",0.0,23
"(65308767, 65345333, 0)",['W'],,1
"(65308770, 266903680, 0)",['S'],1.0,4
"(65308770, 65290949, 0)","['N', 'S']",0.0,17
"(65308770, 65308767, 0)","['N', 'S']",0.0,9
"(65308770, 65317356, 0)",['N'],,1
"(65308820, 65308746, 0)",['N'],1.0,18
"(65309742, 65322190, 0)",['E'],,1
"(65309790, 65296310, 0)",['N'],,1
"(65310823, 65339258, 0)",['N'],1.0,29
"(65310843, 65310403, 0)",['N'],1.0,3
"(65310843, 65361720, 0)","['N', 'S']",0.0,4
"(65312014, 65312017, 0)","['E', 'NW', 'SE', 'W']",0.0,27
"(65312014, 65316573, 0)","['N', 'NE', 'NW', 'S', 'SW']",0.0,51
"(65312017, 65312014, 0)","['E', 'NW', 'S', 'SE', 'W']",0.0,62
"(65312017, 65312019, 0)","['E', 'W']",0.0,20
"(65312019, 65312017, 0)","['E', 'SE', 'W']",0.0,9
"(65312019, 65312022, 0)","['E', 'NW', 'W']",0.0,12
"(65312022, 65297486, 0)","['E', 'W']",0.0,7
"(65312022, 65312019, 0)","['E', 'W']",0.0,7
"(65312028, 65293729, 0)","['E', 'W']",0.0,13
"(65312028, 65307932, 0)","['E', 'W']",0.0,13
"(65312028, 65341406, 0)",['W'],1.0,2
"(65312030, 276805752, 0)","['E', 'W']",0.0,5
"(65312030, 65307932, 0)","['E', 'W']",0.0,27
"(65312038, 2327650830, 0)","['E', 'W']",0.0,8
"(65312038, 65312041, 0)","['E', 'W']",0.0,9
"(65312041, 65312038, 0)","['E', 'W']",0.0,16
"(65312041, 65312043, 0)","['E', 'SW', 'W']",0.0,43
"(65312043, 65302394, 0)","['NE', 'SW']",0.0,9
"(65312043, 65312041, 0)","['E', 'W']",0.0,12
"(65312050, 65307069, 0)","['E', 'NE', 'SW', 'W']",0.0,13
"(65312050, 65312053, 0)","['E', 'W']",0.0,24
"(65312053, 65312050, 0)","['E', 'W']",0.0,8
"(65312056, 65291286, 0)",['W'],1.0,4
"(65312056, 65292875, 0)","['E', 'W']",0.0,10
"(65312058, 1636827301, 0)","['E', 'W']",0.0,17
"(65312058, 65312068, 0)","['E', 'W']",0.0,6
"(65312068, 295222775, 0)","['E', 'NW', 'W']",0.0,46
"(65312068, 65312058, 0)","['E', 'W']",0.0,37
"(65312121, 260494517, 0)",['S'],,1
"(65312121, 65304065, 0)","['E', 'W']",0.0,5
"(65312121, 65304997, 0)","['E', 'W']",0.0,7
"(65312208, 65312210, 0)",['N'],,1
"(65312210, 65307883, 0)","['N', 'S']",0.0,2
"(65312210, 65312208, 0)","['N', 'S', 'SE']",0.0,5
"(65312213, 65312216, 0)","['N', 'NW', 'S']",0.0,5
"(65312216, 65312219, 0)",['E'],,1
"(65312216, 65318046, 0)","['E', 'W']",0.0,26
"(65312216, 65324860, 0)","['E', 'W']",0.0,13
"(65312281, 65291341, 0)","['E', 'W']",0.0,9
"(65312281, 65312279, 0)",['W'],,1
"(65312281, 65312293, 0)",['E'],,1
"(65312293, 65312281, 0)","['E', 'W']",0.0,9
"(65312293, 65327062, 0)","['E', 'W']",0.0,23
"(65312651, 330666993, 0)","['NW', 'SW', 'W']",1.0,19
"(65312651, 5610843322, 0)","['N', 'NW']",1.0,6
"(65312657, 330666983, 0)","['E', 'W']",0.0,24
"(65312657, 65312662, 0)","['E', 'W']",0.0,33
"(65312662, 65312657, 0)","['E', 'W']",0.0,18
"(65312662, 65312664, 0)","['E', 'W']",0.0,30
"(65312664, 65312662, 0)","['E', 'W']",0.0,11
"(65312664, 65312670, 0)","['E', 'W']",0.0,7
"(65312664, 65322669, 0)",['W'],1.0,2
"(65312670, 65312664, 0)","['E', 'W']",0.0,19
"(65312670, 65312672, 0)","['E', 'W']",0.0,14
"(65312672, 65312670, 0)","['E', 'W']",0.0,27
"(65312672, 65312674, 0)","['E', 'W']",0.0,21
"(65312674, 65312672, 0)",['W'],1.0,4
"(65312674, 65312677, 0)","['E', 'W']",0.0,7
"(65312677, 65296947, 0)",['NE'],,1
"(65312677, 65312674, 0)","['E', 'W']",0.0,9
"(65312677, 65312680, 0)","['E', 'W']",0.0,21
"(65312680, 65312677, 0)","['E', 'W']",0.0,10
"(65312680, 65312685, 0)",['E'],1.0,2
"(65312685, 65312680, 0)","['E', 'W']",0.0,9
"(65312685, 65312687, 0)","['E', 'W']",0.0,16
"(65312687, 258758536, 0)","['E', 'W']",0.0,15
"(65312687, 65312685, 0)","['E', 'W']",0.0,24
"(65312687, 65322696, 0)",['W'],1.0,2
"(65312690, 65312693, 0)","['E', 'W']",0.0,13
"(65312690, 65345281, 0)",['E'],,1
"(65312693, 65312690, 0)","['E', 'NE', 'SW', 'W']",0.0,44
"(65312693, 65312695, 0)","['E', 'W']",0.0,28
"(65312693, 65322701, 0)",['W'],,1
"(65312695, 65312693, 0)","['E', 'W']",0.0,12
"(65312695, 65312698, 0)","['E', 'W']",0.0,26
"(65312698, 65312695, 0)","['E', 'W']",0.0,18
"(65312698, 65312700, 0)","['E', 'W']",0.0,25
"(65312700, 65292764, 0)","['E', 'W']",0.0,13
"(65312700, 65312698, 0)","['E', 'W']",0.0,11
"(65312705, 65292764, 0)","['E', 'W']",0.0,8
"(65312705, 65312706, 0)","['E', 'W']",0.0,26
"(65312706, 65312705, 0)","['E', 'W']",0.0,10
"(65312706, 65312708, 0)","['E', 'W']",0.0,22
"(65312708, 65312706, 0)","['E', 'SW', 'W']",0.0,36
"(65312708, 65312709, 0)","['E', 'W']",0.0,21
"(65312708, 65345292, 0)",['N'],1.0,4
"(65312709, 65312708, 0)","['E', 'NW', 'W']",0.0,34
"(65312709, 65312712, 0)","['E', 'W']",0.0,35
"(65312709, 65322718, 0)",['W'],,1
"(65312712, 65312709, 0)","['E', 'W']",0.0,12
"(65312712, 65312716, 0)","['E', 'W']",0.0,12
"(65312716, 65301587, 0)","['E', 'W']",0.0,11
"(65312716, 65312712, 0)","['E', 'W']",0.0,26
"(65312716, 65322720, 0)",['W'],,1
"(65312718, 4012037655, 0)",['E'],,1
"(65312718, 65301587, 0)","['E', 'W']",0.0,24
"(65312718, 65312721, 0)","['E', 'NE', 'SE']",1.0,12
"(65312718, 65322724, 0)","['N', 'NW']",1.0,9
"(65312721, 65312718, 0)",['E'],1.0,4
"(65312721, 65322726, 0)","['S', 'SE']",1.0,21
"(65313131, 65318282, 0)","['NE', 'SW']",0.0,132
"(65313186, 65293460, 0)",['N'],,1
"(65313365, 65287260, 0)","['N', 'NE', 'NW', 'S', 'SE']",0.0,52
"(65313365, 65308332, 0)",['W'],,1
"(65313365, 65336713, 0)","['E', 'SW', 'W']",0.0,53
"(65313365, 6910272809, 0)","['E', 'S', 'SW']",0.5,24
"(65314146, 65303533, 0)",['N'],1.0,24
"(65314146, 65305814, 0)","['E', 'NE', 'SW']",0.0,35
"(65314156, 6988532585, 0)",['E'],1.0,3
"(65314158, 65314156, 0)",['E'],1.0,2
"(65314161, 65314158, 0)",['E'],,1
"(65314163, 65314161, 0)",['E'],1.0,3
"(65314166, 65314163, 0)",['E'],,1
"(65314171, 65314166, 0)",['E'],1.0,4
"(65314173, 65314171, 0)",['E'],1.0,2
"(65314180, 65314175, 0)",['E'],1.0,4
"(65314183, 342548255, 0)",['E'],1.0,4
"(65314183, 65314187, 0)",['E'],,1
"(65314187, 65303566, 0)",['S'],1.0,3
"(65314187, 65314183, 0)",['NE'],,1
"(65314192, 65303573, 0)","['N', 'S']",0.0,2
"(65314202, 65303581, 0)",['N'],1.0,35
"(65314202, 65314200, 0)",['N'],,1
"(65314212, 65303589, 0)","['N', 'NW', 'S', 'SE', 'SW', 'W']",0.0,72
"(65314212, 65314209, 0)",['N'],,1
"(65314212, 65338267, 0)","['E', 'N', 'S']",0.0,3
"(65314393, 4018939473, 0)",['SE'],1.0,17
"(65314393, 65296309, 0)",['SE'],,1
"(65314570, 65302780, 0)",['E'],,1
"(65314570, 65349662, 0)",['E'],,1
"(65314572, 65302782, 0)",['W'],1.0,23
"(65314572, 65375419, 0)","['SW', 'W']",1.0,10
"(65314704, 65333594, 0)",['N'],,1
"(65314864, 65296343, 0)",['N'],,1
"(65315412, 4104677530, 0)",['S'],1.0,2
"(65315412, 4694790279, 0)","['N', 'NE', 'NW', 'S']",0.0,9
"(65315412, 65319999, 0)",['N'],1.0,2
"(65315412, 65352257, 0)","['N', 'S', 'SE']",0.0,60
"(65315444, 65295413, 0)",['E'],,1
"(65315445, 65295415, 0)",['E'],,1
"(65315446, 65315445, 0)",['N'],,1
"(65315446, 65315779, 0)","['N', 'S']",0.0,21
"(65315446, 65315781, 0)","['N', 'S']",0.0,2
"(65315481, 65290798, 0)",['SE'],1.0,7
"(65315481, 65293779, 0)",['SE'],,1
"(65315481, 65324087, 0)",['SE'],1.0,15
"(65315779, 65295420, 0)",['N'],,1
"(65315779, 65315446, 0)","['N', 'S']",0.0,9
"(65315781, 258910905, 0)","['N', 'S']",0.0,13
"(65315781, 65315446, 0)","['N', 'NW', 'S']",0.0,13
"(65315787, 309032633, 0)",['N'],,1
"(65315787, 65308495, 0)","['N', 'S']",0.0,15
"(65315790, 309032633, 0)",['N'],1.0,2
"(65315790, 3998115410, 0)","['E', 'S']",1.0,6
"(65315790, 65291752, 0)","['E', 'W']",0.0,6
"(65315790, 65308364, 0)","['N', 'S']",0.0,3
"(65315792, 65308364, 0)",['N'],1.0,2
"(65315792, 65315794, 0)","['N', 'S']",0.0,2
"(65315794, 65287298, 0)","['S', 'W']",1.0,5
"(65316359, 65295471, 0)",['E'],1.0,2
"(65316368, 65287347, 0)",['W'],,1
"(65316561, 260191102, 0)",['E'],,1
"(65316573, 65312014, 0)","['N', 'NE', 'S', 'SW']",0.0,31
"(65316573, 65316561, 0)","['S', 'SW']",1.0,11
"(65316573, 65341395, 0)","['N', 'S', 'SW']",0.0,41
"(65316575, 65316573, 0)",['N'],,1
"(65317028, 65318323, 0)","['NE', 'SW']",0.0,20
"(65317028, 65318326, 0)","['N', 'NE', 'SW']",0.0,14
"(65317058, 65300049, 0)",['N'],,1
"(65317342, 65303655, 0)",['W'],,1
"(65317347, 65328382, 0)",['N'],,1
"(65317383, 65317386, 0)",['N'],,1
"(65317386, 65317383, 0)",['N'],,1
"(65317386, 65336534, 0)","['N', 'S']",0.0,12
"(65317386, 65345359, 0)","['N', 'S']",0.0,15
"(65317391, 10946845802, 0)",['W'],,1
"(65317542, 65351775, 0)",['SE'],1.0,8
"(65317544, 65317542, 0)",['SE'],1.0,3
"(65317585, 65317590, 0)",['W'],,1
"(65317590, 65296214, 0)","['E', 'W']",0.0,21
"(65317590, 65317592, 0)",['E'],,1
"(65317590, 65345337, 0)","['E', 'W']",0.0,16
"(65317939, 1580501214, 0)","['NE', 'SW']",0.0,90
"(65317939, 65371286, 0)",['S'],1.0,13
"(65317986, 258913486, 0)",['N'],1.0,33
"(65317986, 65294790, 0)",['N'],,1
"(65318046, 65294235, 0)","['E', 'W']",0.0,35
"(65318046, 65312216, 0)","['E', 'W']",0.0,12
"(65318050, 65318046, 0)",['E'],,1
"(65318100, 6347985514, 0)",['W'],,1
"(65318100, 65318115, 0)","['E', 'W']",0.0,5
"(65318100, 65348379, 0)",['W'],,1
"(65318115, 65291341, 0)","['E', 'W']",0.0,14
"(65318115, 65318100, 0)","['E', 'W']",0.0,22
"(65318282, 65313131, 0)","['NE', 'SW']",0.0,8
"(65318326, 65317028, 0)","['NE', 'SW']",0.0,6
"(65318508, 65306568, 0)",['E'],,1
"(65318508, 65328436, 0)",['E'],,1
"(65318511, 4022941225, 0)",['W'],1.0,2
"(65318612, 65324858, 0)","['E', 'W']",0.0,17
"(65319004, 2351399563, 0)",['W'],,1
"(65319004, 65328209, 0)","['E', 'SW', 'W']",0.0,131
"(65319004, 65329089, 0)","['E', 'NE', 'SW', 'W']",0.0,64
"(65319050, 65312700, 0)",['W'],,1
"(65319526, 65306804, 0)",['SE'],1.0,11
"(65319886, 65349674, 0)",['E'],,1
"(65319889, 4022947858, 0)",['W'],,1
"(65319894, 65298398, 0)",['E'],1.0,4
"(65319894, 65324849, 0)","['E', 'W']",0.0,10
"(65319908, 65318323, 0)","['N', 'NE', 'SW']",0.0,83
"(65319940, 65352435, 0)","['N', 'S']",0.0,3
"(65319946, 65303546, 0)",['W'],,1
"(65319983, 65303574, 0)",['W'],,1
"(65319992, 259139108, 0)","['N', 'NW']",1.0,29
"(65320115, 65307172, 0)",['W'],,1
"(65320118, 4022941217, 0)",['E'],,1
"(65320995, 65296319, 0)",['S'],1.0,2
"(65321083, 65321085, 0)",['NW'],,1
"(65321085, 65323900, 0)","['NW', 'SE']",0.0,23
"(65321085, 65343473, 0)","['NW', 'SE', 'SW', 'W']",0.0,28
"(65321333, 2642129716, 0)","['N', 'S']",0.0,15
"(65321333, 4178749997, 0)","['N', 'NW', 'S', 'SE']",0.0,14
"(65321333, 65307315, 0)",['S'],,1
"(65322190, 65331040, 0)",['W'],,1
"(65322282, 265666762, 0)","['E', 'NE', 'SE']",1.0,14
"(65322282, 65288811, 0)","['N', 'NW']",1.0,16
"(65322351, 65296346, 0)",['N'],,1
"(65322667, 65312662, 0)",['W'],,1
"(65322684, 65312672, 0)",['W'],,1
"(65322699, 65312690, 0)",['W'],,1
"(65322724, 65312718, 0)",['N'],1.0,2
"(65322726, 65312721, 0)","['S', 'SE']",1.0,5
"(65322726, 65322724, 0)",['N'],,1
"(65322726, 65336129, 0)",['S'],1.0,3
"(65323671, 65305089, 0)",['NE'],1.0,8
"(65323900, 10155002500, 0)","['NW', 'SE']",0.0,20
"(65323900, 65321085, 0)","['NW', 'SE']",0.0,14
"(65324087, 65315481, 0)",['SE'],1.0,3
"(65324087, 65325061, 0)","['E', 'SE']",1.0,5
"(65324296, 65337038, 0)",['E'],,1
"(65324419, 65324911, 0)",['W'],,1
"(65324593, 317122247, 0)","['NE', 'S', 'SE']",0.5,33
"(65324593, 340164576, 0)",['E'],,1
"(65324599, 65324593, 0)","['E', 'N']",1.0,3
"(65324615, 65295422, 0)",['E'],,1
"(65324615, 65315779, 0)",['S'],,1
"(65324623, 65287711, 0)","['E', 'W']",0.0,2
"(65324626, 4021607643, 0)",['W'],,1
"(65324849, 65319894, 0)","['E', 'SW', 'W']",0.0,28
"(65324849, 65336534, 0)","['N', 'NE', 'NW', 'S']",0.0,24
"(65324852, 10946845802, 0)","['E', 'W']",0.0,4
"(65324852, 65324854, 0)",['E'],1.0,2
"(65324854, 65324856, 0)",['E'],,1
"(65324856, 258968244, 0)","['E', 'W']",0.0,20
"(65324858, 258967880, 0)","['E', 'W']",0.0,17
"(65324858, 65318612, 0)","['E', 'W']",0.0,9
"(65324860, 65312216, 0)","['E', 'W']",0.0,18
"(65324860, 65324863, 0)","['E', 'W']",0.0,3
"(65324863, 65293648, 0)",['E'],,1
"(65324863, 65296327, 0)","['E', 'W']",0.0,11
"(65324863, 65324860, 0)","['E', 'W']",0.0,13
"(65324866, 65293657, 0)","['E', 'S']",1.0,2
"(65324866, 65296327, 0)","['E', 'S', 'W']",0.0,27
"(65324866, 65304065, 0)","['E', 'W']",0.0,5
"(65324869, 65304997, 0)","['E', 'W']",0.0,9
"(65324871, 581251865, 0)","['E', 'NE', 'W']",0.0,17
"(65324871, 65307040, 0)","['E', 'W']",0.0,10
"(65324878, 581251865, 0)","['NE', 'SW']",0.0,5
"(65324878, 65324886, 0)",['SW'],1.0,10
"(65324886, 260494522, 0)",['SW'],1.0,3
"(65324886, 6522255492, 0)",['SW'],,1
"(65324902, 65313184, 0)",['NW'],,1
"(65325061, 65324087, 0)","['E', 'SE']",1.0,4
"(65325061, 65334473, 0)",['NE'],1.0,18
"(65325391, 65339271, 0)","['N', 'NW']",1.0,39
"(65325408, 65287287, 0)","['E', 'N', 'S', 'SE']",0.0,14
"(65325408, 65354097, 0)","['N', 'S']",0.0,6
"(65325502, 65312022, 0)",['E'],,1
"(65326443, 65322724, 0)",['N'],1.0,3
"(65326443, 65336127, 0)",['N'],1.0,4
"(65326726, 65332833, 0)","['E', 'SW']",0.5,60
"(65326744, 65343958, 0)","['NE', 'SW']",0.0,151
"(65327062, 65312293, 0)","['E', 'W']",0.0,13
"(65327062, 65362663, 0)","['E', 'W']",0.0,16
"(65327064, 65327062, 0)",['E'],,1
"(65327144, 4720933147, 0)",['E'],1.0,3
"(65327144, 65327146, 0)",['W'],,1
"(65327144, 65352337, 0)","['E', 'W']",0.0,118
"(65327144, 65352339, 0)","['E', 'W']",0.0,36
"(65327146, 65327144, 0)","['E', 'W']",0.0,2
"(65327171, 65307414, 0)",['W'],1.0,2
"(65327171, 65336999, 0)",['E'],1.0,74
"(65327183, 65312687, 0)",['E'],,1
"(65327285, 65296774, 0)","['N', 'S']",0.0,13
"(65327285, 65349059, 0)","['N', 'S']",0.0,78
"(65327408, 65336941, 0)",['E'],1.0,29
"(65327914, 65339246, 0)",['N'],1.0,31
"(65327925, 65327927, 0)","['E', 'SW', 'W']",0.0,22
"(65327925, 65332164, 0)","['N', 'S']",0.0,30
"(65327927, 65307322, 0)","['E', 'W']",0.0,7
"(65327927, 65327925, 0)","['E', 'W']",0.0,12
"(65327927, 65332168, 0)",['E'],,1
"(65327929, 65307322, 0)","['E', 'W']",0.0,2
"(65327929, 65327931, 0)","['E', 'W']",0.0,4
"(65327931, 65327929, 0)",['E'],,1
"(65327931, 65327933, 0)","['E', 'W']",0.0,25
"(65327933, 65327931, 0)","['E', 'W']",0.0,12
"(65327933, 65327936, 0)","['E', 'NE', 'W']",0.0,11
"(65327933, 65333410, 0)",['W'],,1
"(65327936, 65327933, 0)","['E', 'NE', 'SE', 'W']",0.0,33
"(65327936, 65361720, 0)","['N', 'S', 'W']",0.0,17
"(65328021, 65312050, 0)",['W'],,1
"(65328209, 258759746, 0)","['E', 'W']",0.0,5
"(65328209, 65308300, 0)",['W'],1.0,3
"(65328209, 65319004, 0)","['E', 'SW', 'W']",0.0,45
"(65328349, 65307438, 0)","['N', 'W']",1.0,4
"(65328351, 65328354, 0)","['N', 'NW']",1.0,14
"(65328351, 65365195, 0)","['E', 'NE', 'SE']",1.0,20
"(65328354, 65328351, 0)","['N', 'NE', 'NW']",1.0,39
"(65328354, 65337437, 0)","['NW', 'SW', 'W']",1.0,55
"(65328382, 65317347, 0)",['W'],,1
"(65328707, 65328710, 0)",['E'],1.0,4
"(65328710, 65328712, 0)",['E'],,1
"(65328710, 65336956, 0)","['E', 'NE']",1.0,28
"(65328712, 65328716, 0)",['W'],,1
"(65328719, 65371299, 0)",['N'],,1
"(65328773, 258756009, 0)",['E'],1.0,2
"(65328978, 65290286, 0)","['E', 'W']",0.0,16
"(65328978, 65330449, 0)","['E', 'W']",0.0,4
"(65329089, 65319004, 0)","['E', 'SW', 'W']",0.0,139
"(65329089, 65321017, 0)",['E'],1.0,2
"(65329089, 65350747, 0)","['E', 'W']",0.0,41
"(65329405, 258756405, 0)","['E', 'SE']",1.0,2
"(65329405, 65308413, 0)",['SE'],,1
"(65329503, 65357989, 0)",['NE'],1.0,5
"(65329573, 65296066, 0)",['E'],,1
"(65329573, 65341548, 0)",['W'],,1
"(65329615, 65329618, 0)",['S'],,1
"(65329615, 65341627, 0)",['E'],1.0,2
"(65329896, 65295482, 0)",['E'],,1
"(65330057, 65287332, 0)",['E'],,1
"(65330449, 65296214, 0)","['E', 'W']",0.0,21
"(65330449, 65328978, 0)","['E', 'W']",0.0,22
"(65330449, 65330447, 0)",['W'],,1
"(65331040, 65336459, 0)","['E', 'N', 'NE', 'NW', 'S']",0.0,45
"(65331336, 259395677, 0)","['NW', 'SE']",0.0,3
"(65332164, 65298353, 0)","['N', 'S']",0.0,12
"(65332164, 65327925, 0)","['N', 'S', 'SE']",0.0,15
"(65332164, 65330974, 0)",['N'],,1
"(65332176, 65327933, 0)",['E'],,1
"(65332213, 65296275, 0)",['SE'],,1
"(65332243, 65346430, 0)","['NW', 'SE']",0.0,15
"(65332243, 65356422, 0)","['E', 'NW', 'SE']",0.0,18
"(65332806, 7293111110, 0)","['NE', 'SW']",0.0,138
"(65332833, 65336961, 0)","['E', 'N', 'S']",0.0,75
"(65332839, 65337399, 0)",['S'],,1
"(65332850, 65334013, 0)",['S'],1.0,2
"(65332853, 6378899554, 0)",['SE'],1.0,3
"(65333130, 258910949, 0)","['N', 'NE', 'NW', 'W']",0.5,53
"(65333130, 65307165, 0)","['E', 'NE', 'S']",0.5,5
"(65333395, 260190943, 0)",['W'],1.0,3
"(65333397, 65296374, 0)",['N'],1.0,4
"(65333397, 65306684, 0)","['N', 'S']",0.0,29
"(65333397, 65362663, 0)","['N', 'S']",0.0,8
"(65333410, 65327933, 0)",['W'],,1
"(65333432, 65287285, 0)",['E'],,1
"(65333496, 65292419, 0)","['N', 'S', 'SW']",0.0,16
"(65333496, 65362744, 0)",['SW'],,1
"(65333859, 65317986, 0)",['N'],1.0,53
"(65333929, 65299429, 0)",['N'],,1
"(65333929, 65333932, 0)","['E', 'NW', 'W']",0.0,6
"(65333932, 65333929, 0)",['W'],1.0,2
"(65334013, 65299327, 0)","['N', 'S']",0.0,15
"(65334013, 65371299, 0)","['N', 'S']",0.0,10
"(65334111, 65328690, 0)","['N', 'SW']",0.5,17
"(65334111, 65348742, 0)","['N', 'NE', 'SW']",0.0,52
"(65334193, 1677788981, 0)","['E', 'W']",0.0,15
"(65334193, 65345337, 0)","['E', 'W']",0.0,3
"(65334473, 260193330, 0)","['E', 'NE']",1.0,6
"(65334473, 6329528592, 0)",['NE'],1.0,9
"(65334473, 65325061, 0)",['NE'],1.0,14
"(65334510, 65363153, 0)","['NW', 'W']",1.0,12
"(65335358, 65306087, 0)",['W'],1.0,7
"(65335358, 65326726, 0)",['E'],1.0,20
"(65336127, 65326443, 0)","['N', 'NW']",1.0,6
"(65336127, 65336129, 0)","['SW', 'W']",1.0,15
"(65336129, 65322726, 0)","['S', 'SE', 'SW']",1.0,31
"(65336129, 65336127, 0)","['NW', 'W']",1.0,26
"(65336188, 65362663, 0)","['NW', 'SE', 'W']",0.0,4
"(65336308, 65295388, 0)",['E'],1.0,2
"(65336422, 65296372, 0)",['N'],,1
"(65336422, 65296774, 0)","['N', 'S']",0.0,18
"(65336422, 65306684, 0)","['N', 'S']",0.0,13
"(65336459, 4021327373, 0)","['NW', 'S', 'SE', 'SW', 'W']",0.0,49
"(65336459, 65287415, 0)","['N', 'NW', 'S', 'W']",0.0,19
"(65336459, 65331040, 0)","['E', 'NE', 'NW']",0.5,7
"(65336474, 65319908, 0)",['SW'],,1
"(65336479, 65307356, 0)","['E', 'W']",0.0,17
"(65336479, 65327408, 0)","['E', 'NE']",1.0,43
"(65336485, 65336479, 0)",['E'],,1
"(65336534, 65317386, 0)",['N'],1.0,2
"(65336534, 65324849, 0)","['N', 'S']",0.0,8
"(65336583, 65339290, 0)","['E', 'NE', 'W']",0.0,109
"(65336583, 65352351, 0)","['E', 'W']",0.0,32
"(65336596, 65295369, 0)",['E'],1.0,2
"(65336607, 173175743, 0)",['W'],,1
"(65336671, 65352257, 0)",['N'],1.0,2
"(65336675, 65336831, 0)","['E', 'W']",0.0,7
"(65336675, 65337447, 0)","['E', 'NE', 'W']",0.0,10
"(65336713, 65313365, 0)","['E', 'N', 'NE', 'SW', 'W']",0.0,93
"(65336713, 6910182907, 0)","['E', 'W']",0.0,6
"(65336821, 258913493, 0)",['S'],1.0,2
"(65336823, 65295377, 0)",['E'],1.0,2
"(65336831, 65301577, 0)","['E', 'W']",0.0,3
"(65336831, 65336675, 0)","['E', 'W']",0.0,5
"(65336865, 65287251, 0)","['E', 'S', 'SE']",1.0,8
"(65336865, 65301525, 0)","['E', 'SW', 'W']",0.0,48
"(65336865, 65308328, 0)",['W'],1.0,4
"(65336865, 6910182909, 0)","['E', 'NE', 'S', 'W']",0.0,65
"(65336914, 5283668862, 0)",['S'],,1
"(65336914, 65307440, 0)","['E', 'S', 'W']",0.0,6
"(65336921, 4019294261, 0)","['N', 'S']",0.0,5
"(65336921, 65339516, 0)","['N', 'S']",0.0,10
"(65336924, 65307463, 0)","['N', 'S']",0.0,12
"(65336924, 65352255, 0)","['N', 'S']",0.0,5
"(65336941, 65307352, 0)","['E', 'NW', 'W']",0.0,21
"(65336941, 65324593, 0)","['E', 'N', 'NE', 'SE']",0.5,90
"(65336947, 65336479, 0)","['E', 'W']",0.0,45
"(65336947, 65359314, 0)",['E'],,1
"(65336950, 65336947, 0)",['E'],1.0,25
"(65336953, 65305827, 0)","['E', 'NE']",1.0,60
"(65336953, 65373233, 0)",['E'],1.0,5
"(65336956, 65336953, 0)",['E'],1.0,40
"(65336959, 65307368, 0)","['E', 'W']",0.0,4
"(65336959, 65328710, 0)",['E'],1.0,20
"(65336961, 65307376, 0)","['N', 'S', 'W']",0.0,52
"(65336961, 65336959, 0)","['E', 'N', 'NE']",1.0,60
"(65336961, 65371298, 0)","['N', 'S']",0.0,31
"(65336974, 65307397, 0)",['W'],1.0,2
"(65336974, 65335358, 0)","['E', 'NE']",1.0,32
"(65336976, 65307399, 0)",['W'],1.0,3
"(65336976, 65336974, 0)",['E'],1.0,52
"(65336987, 65307404, 0)","['NE', 'W']",0.5,2
"(65336987, 65336976, 0)","['E', 'NE']",1.0,51
"(65336987, 65362171, 0)",['NE'],,1
"(65336993, 65336987, 0)","['E', 'NE']",1.0,51
"(65336999, 65336993, 0)","['E', 'NE']",1.0,54
"(65337001, 65307417, 0)","['E', 'W']",0.0,4
"(65337001, 65337003, 0)",['E'],1.0,20
"(65337001, 9691602674, 0)",['E'],1.0,6
"(65337003, 371239915, 0)","['E', 'N', 'NE']",1.0,52
"(65337003, 65337001, 0)",['E'],1.0,42
"(65337003, 65350771, 0)",['E'],,1
"(65337038, 2642129716, 0)","['E', 'N', 'NW', 'S', 'SE', 'W']",0.0,26
"(65337038, 65367378, 0)","['E', 'W']",0.0,12
"(65337066, 2642129714, 0)",['S'],1.0,6
"(65337066, 65362744, 0)","['N', 'NE', 'S']",0.0,18
"(65337399, 65371298, 0)","['N', 'S']",0.0,17
"(65337399, 65371299, 0)","['N', 'S']",0.0,38
"(65337437, 173175745, 0)","['E', 'W']",0.0,29
"(65337437, 65328354, 0)","['N', 'NW', 'SW', 'W']",0.5,30
"(65337437, 65365195, 0)","['S', 'SE']",1.0,34
"(65337437, 65365236, 0)","['N', 'W']",1.0,2
"(65337445, 173175743, 0)","['E', 'N', 'NE', 'W']",0.0,27
"(65337445, 65301577, 0)",['E'],,1
"(65337445, 65339516, 0)","['N', 'S', 'SE']",0.0,14
"(65337447, 65336675, 0)","['E', 'NE', 'W']",0.0,5
"(65337447, 65352255, 0)","['N', 'S']",0.0,4
"(65337586, 65336956, 0)",['E'],1.0,4
"(65338001, 4014191213, 0)","['E', 'N', 'NW', 'S', 'SE', 'SW']",0.0,28
"(65338254, 258467576, 0)","['E', 'N', 'NE', 'W']",0.0,11
"(65338267, 258456881, 0)","['S', 'SW']",1.0,2
"(65338267, 65314212, 0)","['E', 'N', 'NE', 'NW', 'S']",0.0,15
"(65338304, 65317971, 0)",['N'],,1
"(65339246, 65310823, 0)",['N'],1.0,52
"(65339258, 65325391, 0)",['N'],1.0,14
"(65339271, 259138841, 0)",['S'],,1
"(65339271, 65287243, 0)",['N'],1.0,23
"(65339290, 2819241004, 0)","['E', 'W']",0.0,3
"(65339290, 65308325, 0)","['N', 'W']",1.0,37
"(65339290, 65336583, 0)","['E', 'W']",0.0,55
"(65339305, 65339315, 0)","['N', 'NW']",1.0,36
"(65339315, 65333859, 0)",['N'],1.0,17
"(65339338, 5433307349, 0)","['N', 'NW']",1.0,33
"(65339460, 258913493, 0)",['S'],1.0,5
"(65339516, 5283668871, 0)",['S'],,1
"(65339516, 65301575, 0)",['S'],1.0,2
"(65339516, 65336921, 0)","['N', 'S']",0.0,29
"(65339516, 65337445, 0)","['N', 'S', 'SE']",0.0,32
"(65340079, 65310196, 0)",['W'],,1
"(65340583, 258756007, 0)",['W'],,1
"(65340583, 65280083, 0)",['W'],,1
"(65340588, 65287329, 0)",['W'],,1
"(65341395, 65316573, 0)","['N', 'S', 'SW']",0.0,12
"(65341395, 65363220, 0)","['N', 'S']",0.0,5
"(65341407, 65312030, 0)",['W'],,1
"(65341408, 65312038, 0)",['W'],,1
"(65341553, 4021327375, 0)",['W'],,1
"(65341627, 65308528, 0)",['W'],,1
"(65341630, 4022947860, 0)",['W'],,1
"(65341630, 65341627, 0)",['N'],,1
"(65342698, 65295480, 0)",['E'],1.0,2
"(65342701, 65329901, 0)","['E', 'W']",0.0,2
"(65342701, 65349679, 0)",['E'],,1
"(65342765, 65330033, 0)",['E'],,1
"(65342807, 65300097, 0)",['NW'],,1
"(65343468, 65300475, 0)","['NW', 'W']",1.0,14
"(65343468, 65343471, 0)","['S', 'SW', 'W']",1.0,7
"(65343471, 65343468, 0)","['S', 'SW']",1.0,17
"(65343471, 65343473, 0)",['SW'],1.0,3
"(65343473, 65300495, 0)",['SE'],1.0,22
"(65343473, 65321085, 0)","['NW', 'SE', 'SW', 'W']",0.0,54
"(65343473, 65343471, 0)",['SW'],1.0,12
"(65344399, 65296337, 0)",['N'],,1
"(65344932, 65302893, 0)","['N', 'NW', 'S', 'W']",0.0,9
"(65344932, 65344794, 0)",['SE'],1.0,3
"(65345130, 260494512, 0)",['W'],1.0,2
"(65345130, 65289005, 0)",['W'],,1
"(65345146, 65351774, 0)",['SE'],,1
"(65345292, 65299429, 0)","['N', 'S']",0.0,3
"(65345292, 65312708, 0)","['N', 'S']",0.0,5
"(65345337, 65317590, 0)",['E'],1.0,5
"(65345337, 65334193, 0)","['E', 'W']",0.0,20
"(65345359, 1677788981, 0)","['E', 'W']",0.0,18
"(65345359, 65317386, 0)","['N', 'S', 'SW']",0.0,35
"(65345359, 65345368, 0)",['SW'],,1
"(65345370, 11037771514, 0)",['W'],,1
"(65345379, 581047109, 0)",['SW'],,1
"(65345379, 65296324, 0)",['SW'],1.0,3
"(65346430, 65292537, 0)","['NW', 'SE']",0.0,31
"(65346430, 65305070, 0)",['SE'],1.0,3
"(65346430, 65332243, 0)","['NW', 'SE']",0.0,30
"(65347067, 65295434, 0)",['E'],1.0,2
"(65347140, 65294136, 0)","['E', 'W']",0.0,3
"(65347537, 346527550, 0)",['E'],,1
"(65347537, 65297405, 0)","['E', 'W']",0.0,4
"(65347537, 65308478, 0)",['W'],,1
"(65347539, 65287285, 0)",['W'],1.0,2
"(65347970, 65296312, 0)",['S'],,1
"(65348278, 173175745, 0)",['W'],,1
"(65348291, 65352349, 0)","['E', 'W']",0.0,65
"(65348291, 65352351, 0)","['E', 'W']",0.0,20
"(65348379, 360423920, 0)",['E'],1.0,2
"(65348379, 65294381, 0)","['E', 'W']",0.0,26
"(65348379, 65318100, 0)","['E', 'W']",0.0,26
"(65348742, 65314146, 0)","['N', 'NW']",1.0,17
"(65349059, 65327285, 0)","['N', 'S']",0.0,28
"(65349059, 65354542, 0)","['N', 'S', 'SE']",0.0,16
"(65349161, 65368988, 0)","['NE', 'S']",0.5,10
"(65349661, 65287674, 0)","['E', 'W']",0.0,11
"(65349661, 65287711, 0)","['E', 'W']",0.0,18
"(65349661, 65351073, 0)",['S'],,1
"(65349662, 65297727, 0)",['W'],,1
"(65349662, 65314570, 0)","['E', 'W']",0.0,2
"(65349666, 65297727, 0)",['E'],,1
"(65349666, 65349668, 0)",['E'],,1
"(65349668, 65280083, 0)",['W'],1.0,2
"(65349668, 65349666, 0)",['E'],,1
"(65349672, 65330054, 0)","['E', 'W']",0.0,2
"(65349672, 65349674, 0)","['E', 'W']",0.0,3
"(65349672, 65365036, 0)",['E'],,1
"(65349677, 65316366, 0)",['E'],,1
"(65349691, 65349683, 0)",['W'],,1
"(65349699, 65366859, 0)",['S'],,1
"(65350533, 65332198, 0)",['N'],,1
"(65350566, 4021327371, 0)",['W'],1.0,2
"(65350747, 65308289, 0)",['W'],1.0,4
"(65350747, 65329089, 0)","['E', 'NE', 'W']",0.0,127
"(65350747, 65352344, 0)","['E', 'SW', 'W']",0.0,127
"(65351073, 65349661, 0)",['E'],,1
"(65351708, 65295477, 0)",['E'],,1
"(65351712, 4022941220, 0)",['W'],1.0,2
"(65351772, 65300097, 0)",['SE'],1.0,4
"(65351772, 65319526, 0)",['SE'],1.0,14
"(65351772, 6925582021, 0)",['SE'],,1
"(65351774, 65317542, 0)",['SE'],1.0,13
"(65351775, 65351780, 0)",['SE'],1.0,3
"(65351780, 65282779, 0)",['SE'],1.0,16
"(65352255, 65336924, 0)",['N'],,1
"(65352255, 65337447, 0)","['N', 'S']",0.0,8
"(65352257, 1148372880, 0)","['N', 'S']",0.0,2
"(65352257, 65315412, 0)","['N', 'NW', 'S']",0.0,22
"(65352302, 65287288, 0)","['SW', 'W']",1.0,3
"(65352311, 65287287, 0)",['W'],,1
"(65352321, 65303689, 0)","['E', 'NE', 'W']",0.0,47
"(65352325, 65303689, 0)","['E', 'W']",0.0,20
"(65352325, 65308268, 0)",['E'],,1
"(65352325, 65352330, 0)","['E', 'NE', 'SW', 'W']",0.0,133
"(65352330, 65287201, 0)",['E'],1.0,2
"(65352330, 65352325, 0)","['E', 'NE', 'W']",0.0,61
"(65352330, 65352337, 0)","['E', 'NE', 'W']",0.0,129
"(65352337, 65308278, 0)",['W'],1.0,3
"(65352337, 65327144, 0)","['E', 'W']",0.0,53
"(65352337, 65352330, 0)","['E', 'W']",0.0,53
"(65352339, 258758554, 0)",['W'],1.0,5
"(65352339, 65327144, 0)","['E', 'NE', 'W']",0.0,108
"(65352339, 9691602628, 0)","['E', 'W']",0.0,2
"(65352344, 65350747, 0)","['E', 'NE', 'SW', 'W']",0.0,81
"(65352344, 65356392, 0)",['E'],1.0,5
"(65352349, 601280963, 0)","['E', 'W']",0.0,20
"(65352349, 65287232, 0)",['E'],,1
"(65352349, 65348291, 0)","['E', 'W']",0.0,112
"(65352351, 271820604, 0)",['E'],,1
"(65352351, 65336583, 0)","['E', 'W']",0.0,70
"(65352351, 65348291, 0)","['E', 'NE', 'W']",0.0,83
"(65352435, 6319217970, 0)",['N'],,1
"(65352435, 65295299, 0)",['S'],1.0,3
"(65352435, 65319940, 0)","['N', 'S']",0.0,14
"(65352468, 65295367, 0)",['E'],,1
"(65353096, 65285688, 0)",['W'],,1
"(65353096, 65368988, 0)","['E', 'NE', 'W']",0.0,16
"(65354018, 65296328, 0)",['S'],1.0,2
"(65354048, 65296333, 0)",['S'],,1
"(65354097, 65325408, 0)","['N', 'S', 'SE']",0.0,20
"(65354097, 8178983819, 0)",['S'],,1
"(65354542, 65296354, 0)","['E', 'NW', 'SE', 'W']",0.0,36
"(65354542, 65349059, 0)","['E', 'N', 'NW', 'S', 'SE']",0.0,55
"(65356180, 65307359, 0)",['W'],1.0,11
"(65356180, 65336947, 0)",['E'],1.0,6
"(65356180, 65356183, 0)",['W'],1.0,2
"(65356183, 65305824, 0)",['W'],1.0,4
"(65356183, 65336950, 0)","['E', 'W']",0.0,3
"(65356185, 65328707, 0)",['W'],1.0,2
"(65356185, 65336953, 0)",['E'],1.0,2
"(65356290, 65295444, 0)",['E'],1.0,4
"(65356298, 65295455, 0)",['E'],,1
"(65356300, 65295474, 0)",['E'],,1
"(65356398, 65287232, 0)",['N'],,1
"(65356398, 65325380, 0)",['N'],,1
"(65356408, 65287265, 0)",['E'],,1
"(65356422, 65332243, 0)","['E', 'NW', 'SE']",0.0,8
"(65357118, 65336959, 0)",['E'],1.0,2
"(65357118, 65371298, 0)",['W'],,1
"(65357352, 4017523978, 0)",['W'],,1
"(65357831, 65287324, 0)",['W'],1.0,2
"(65357979, 4941850449, 0)","['E', 'NE']",1.0,15
"(65357989, 65357997, 0)",['NE'],1.0,4
"(65357989, 65373958, 0)",['NE'],,1
"(65357997, 6917093878, 0)",['NE'],1.0,3
"(65358040, 466335817, 0)",['SW'],1.0,9
"(65358843, 65368992, 0)",['W'],,1
"(65359314, 65337375, 0)",['W'],,1
"(65359482, 65287349, 0)",['W'],,1
"(65361705, 65297405, 0)","['E', 'W']",0.0,6
"(65361705, 65365950, 0)","['E', 'W']",0.0,7
"(65361720, 65310843, 0)","['N', 'S']",0.0,17
"(65361720, 65327936, 0)","['N', 'S', 'SE', 'W']",0.0,30
"(65362663, 65327062, 0)","['E', 'SE', 'W']",0.0,29
"(65362663, 65333397, 0)","['N', 'NW', 'S', 'W']",0.0,41
"(65362663, 65336188, 0)",['SE'],,1
"(65362744, 65333496, 0)","['NE', 'SW']",0.0,3
"(65362744, 65337066, 0)","['N', 'NE', 'S', 'SW']",0.0,14
"(65363153, 65308413, 0)",['NW'],1.0,2
"(65363153, 65327403, 0)","['NE', 'NW', 'SW', 'W']",0.0,141
"(65363153, 65334510, 0)",['NW'],1.0,5
"(65363220, 260191102, 0)","['E', 'N', 'NW', 'SE', 'SW', 'W']",0.0,106
"(65363220, 65341395, 0)",['N'],1.0,7
"(65364763, 4022941213, 0)",['W'],,1
"(65365036, 65287336, 0)",['W'],,1
"(65365163, 65350533, 0)",['NW'],,1
"(65365168, 65310809, 0)",['N'],,1
"(65365176, 65365172, 0)","['N', 'S']",0.0,2
"(65365195, 65328351, 0)","['E', 'NE']",1.0,13
"(65365195, 65336914, 0)",['S'],,1
"(65365195, 65337437, 0)","['S', 'SE', 'W']",0.5,19
"(65365236, 65333932, 0)","['N', 'S']",0.0,2
"(65365236, 65337437, 0)","['N', 'S']",0.0,5
"(65365835, 65336976, 0)","['E', 'NE']",1.0,2
"(65365910, 65345337, 0)",['W'],,1
"(65365950, 65291752, 0)",['E'],,1
"(65365950, 65308485, 0)",['W'],,1
"(65365950, 65361705, 0)",['E'],1.0,2
"(65366859, 65349699, 0)",['N'],1.0,2
"(65367373, 6522241813, 0)",['NE'],,1
"(65367373, 65367378, 0)",['NE'],,1
"(65367378, 6522241813, 0)","['E', 'NE', 'SE', 'SW', 'W']",0.0,12
"(65367378, 65337038, 0)","['E', 'NW', 'W']",0.0,26
"(65367378, 65367373, 0)","['E', 'NE', 'NW', 'W']",0.0,7
"(65367585, 1692478722, 0)",['N'],1.0,5
"(65368177, 4022924675, 0)",['W'],,1
"(65368988, 65353096, 0)","['E', 'W']",0.0,4
"(65368988, 6910272807, 0)",['NE'],,1
"(65368992, 346527552, 0)",['E'],,1
"(65368992, 65347140, 0)",['W'],1.0,8
"(65369521, 65287273, 0)",['W'],,1
"(65369603, 65287262, 0)",['E'],1.0,2
"(65371286, 65332806, 0)","['NE', 'SE', 'SW']",0.0,78
"(65371286, 65351772, 0)","['E', 'NE', 'SE', 'SW']",0.0,121
"(65371298, 65332836, 0)",['W'],,1
"(65371298, 65336961, 0)","['N', 'S']",0.0,14
"(65371298, 65337399, 0)","['N', 'S', 'SE']",0.0,15
"(65371299, 65332847, 0)",['S'],1.0,2
"(65371299, 65334013, 0)","['N', 'S']",0.0,36
"(65371299, 65337399, 0)","['N', 'S']",0.0,11
"(65372268, 65336485, 0)",['NW'],,1
"(65375012, 4022941221, 0)",['W'],,1
"(65375419, 65287319, 0)",['S'],1.0,5
"(65375419, 65314572, 0)","['SW', 'W']",1.0,9
"(6710688121, 173176455, 0)","['NE', 'W']",0.5,53
"(6710688121, 65337003, 0)","['NE', 'W']",0.5,5
"(6906996472, 65319908, 0)",['NE'],,1
"(6906996472, 65319908, 1)",['SW'],1.0,2
"(6910182908, 65336713, 0)",['W'],1.0,2
"(6910182909, 65336865, 0)","['E', 'NE', 'SW', 'W']",0.0,31
"(6910272793, 263991315, 0)",['N'],1.0,14
"(6910272807, 6910272793, 0)","['N', 'NE', 'NW']",1.0,14
"(6910272809, 65313365, 0)","['E', 'SW']",0.5,6
"(6910272811, 65287260, 0)","['E', 'NE', 'W']",0.0,132
"(6910272811, 6910272809, 0)","['N', 'NE', 'NW', 'W']",0.5,22
"(6910272813, 6910272811, 0)",['E'],1.0,2
"(6913099452, 65285688, 0)","['E', 'W']",0.0,2
"(6917093878, 65323671, 0)",['NE'],1.0,11
"(6917093881, 6917093878, 0)",['NE'],1.0,2
"(6949087636, 6949087641, 0)",['N'],1.0,2
"(6949087637, 6949087636, 0)",['N'],1.0,3
"(6949087641, 297254899, 0)",['S'],1.0,6
"(6952632751, 5853161520, 0)","['S', 'W']",1.0,2
"(6952632751, 5853161522, 0)",['SW'],1.0,13
"(6988532615, 2936165726, 0)",['S'],1.0,7
"(6988532615, 3902413693, 0)",['S'],1.0,15
"(7248238190, 65332243, 0)",['NW'],,1
"(7398767112, 295222775, 0)",['NW'],,1
"(763026749, 1723738829, 0)","['NE', 'SW']",0.0,5
"(766948543, 65312068, 0)","['N', 'NW', 'S', 'SW', 'W']",0.0,13
"(766948544, 65344794, 0)","['N', 'S']",0.0,48
"(766948544, 766948543, 0)",['S'],1.0,3
"(767752910, 65358040, 0)",['SW'],1.0,9
"(8166971415, 65308456, 0)",['S'],1.0,3
"(9602564591, 65295401, 0)",['E'],,1
"(9633222624, 9691602692, 0)",['W'],,1
"(9691602628, 65352344, 0)",['E'],,1
"(9691602628, 9691602770, 0)",['E'],,1
"(9691602630, 9691602628, 0)",['W'],1.0,2
"(9691602671, 65307417, 0)",['W'],1.0,3
"(9691602671, 9691602674, 0)","['E', 'W']",0.0,6
"(9691602674, 258758543, 0)",['E'],,1
"(9691602770, 9691602628, 0)",['E'],1.0,2
