Node,OSM_street_count,OSM_highway,OSM_edges,Old_Street_count,Count,Street_count
65325061,3,stop,"[(65324087, 65325061, 0), (65325061, 65324087, 0), (65334473, 65325061, 0), (65325061, 65334473, 0)]",3,10,2
65300486,4,,"[(258964507, 65300486, 0), (65300475, 65300486, 0)]",2,9,1
65303573,4,traffic_signals,"[(65303573, 65303574, 0), (258759767, 65303573, 0), (65303574, 65303573, 0), (65314192, 65303573, 0)]",2,8,1
65300495,4,traffic_signals,"[(258964508, 65300495, 0), (65343473, 65300495, 0), (65300495, 258964508, 0), (65300495, 65343473, 0), (65300495, 65300507, 0)]",7,41,6
4022947857,3,,"[(4022947857, 4022947858, 0), (65287336, 4022947857, 0), (4022947858, 4022947857, 0), (4022947857, 65287336, 0)]",1,31,0
4022947858,3,,"[(4022947858, 4022947859, 0), (4022947857, 4022947858, 0), (4022947859, 4022947858, 0), (4022947858, 4022947857, 0)]",2,23,1
263991315,4,traffic_signals,"[(6910272793, 263991315, 0), (65308456, 263991315, 0), (263991315, 342573716, 0)]",4,15,3
4022947860,3,traffic_signals,"[(4022947859, 4022947860, 0), (4022947860, 65341630, 0), (65287347, 4022947860, 0), (4022947860, 65287347, 0), (4022947860, 4022947859, 0)]",3,35,2
4022947859,3,,"[(4022947859, 4022947860, 0), (4022947858, 4022947859, 0), (4022947859, 4022947858, 0), (4022947859, 65329618, 0), (4022947860, 4022947859, 0)]",2,20,1
8166971415,3,,"[(258467531, 8166971415, 0), (8166971415, 65308456, 0)]",2,8,1
65349661,4,,"[(65349661, 65287711, 0), (65287711, 65349661, 0), (65349661, 65287674, 0), (65287674, 65349661, 0)]",1,21,0
65303577,4,,"[(65303574, 65303577, 0), (65303577, 65303578, 0), (65303578, 65303577, 0), (65303577, 65303574, 0)]",2,3,1
65349662,4,,"[(65349662, 65314570, 0), (65314570, 65349662, 0), (65349662, 65297727, 0)]",1,2,0
65349666,4,,"[(65349666, 65297727, 0), (65349668, 65349666, 0), (65349666, 65349668, 0)]",1,1,0
65308708,4,traffic_signals,"[(65290949, 65308708, 0), (65308708, 65293538, 0)]",2,9,1
65349668,4,,"[(65280083, 65349668, 0), (65349668, 65349666, 0), (65349668, 65280083, 0), (65349666, 65349668, 0)]",1,2,0
65349672,4,,"[(65349672, 65349674, 0), (65349672, 65330054, 0), (65349674, 65349672, 0), (65349672, 65365036, 0)]",1,4,0
65327144,4,traffic_signals,"[(65352337, 65327144, 0), (65327144, 65352339, 0), (65327144, 65352337, 0), (65352339, 65327144, 0)]",7,101,6
65349674,4,,"[(65349674, 65319886, 0), (65349672, 65349674, 0), (65349674, 65349672, 0)]",1,3,0
65294381,4,traffic_signals,"[(295218056, 65294381, 0), (65294381, 65348379, 0), (65348379, 65294381, 0), (65294381, 295218056, 0)]",3,49,2
65290286,4,traffic_signals,"[(65290286, 65328978, 0), (65290286, 65290291, 0), (65290286, 65308767, 0), (65308767, 65290286, 0), (65328978, 65290286, 0)]",2,27,1
65349679,4,,"[(65342701, 65349679, 0)]",1,1,0
65308721,4,traffic_signals,"[(65308721, 65358921, 0), (65308721, 65302139, 0), (65293538, 65308721, 0)]",2,9,1
5853161522,3,,"[(6952632751, 5853161522, 0), (5853161522, 5853161525, 0)]",2,5,1
4019294259,5,traffic_signals,"[(259139108, 4019294259, 0), (65295375, 4019294259, 0), (65295369, 4019294259, 0), (4019294259, 4019294261, 0), (4019294259, 259139109, 0), (4019294261, 4019294259, 0), (4019294259, 65295369, 0), (4019294259, 65295375, 0)]",9,176,8
5853161525,3,,"[(5853161522, 5853161525, 0), (5853161527, 5853161525, 0)]",3,29,2
4019294261,4,traffic_signals,"[(4019294261, 65336921, 0), (4019294259, 4019294261, 0), (65336921, 4019294261, 0), (4019294261, 4019294259, 0), (4019294261, 65301556, 0)]",5,43,4
5853161527,3,,"[(5853161527, 5826707779, 0), (5826707783, 5853161527, 0), (5853161527, 5853161525, 0)]",4,47,3
4022927416,3,traffic_signals,"[(65302782, 4022927416, 0), (4022927416, 4022924680, 0), (4022927416, 65302782, 0), (4022924671, 4022927416, 0), (4022924680, 4022927416, 0), (4022927416, 4022924671, 0)]",5,129,4
65337399,4,traffic_signals,"[(65371299, 65337399, 0), (65337399, 65371298, 0), (65337399, 65371299, 0), (65371298, 65337399, 0)]",5,26,4
65308730,3,traffic_signals,"[(65308730, 65308735, 0), (65302139, 65308730, 0)]",1,9,0
65349691,4,,[],1,1,0
65306684,4,,"[(65306684, 65336422, 0), (65336422, 65306684, 0), (65306684, 65333397, 0), (65333397, 65306684, 0), (65306684, 65296374, 0)]",4,53,3
65335358,3,,"[(65336974, 65335358, 0), (65335358, 65306087, 0), (65335358, 65326726, 0)]",3,26,2
65308735,4,traffic_signals,"[(65308730, 65308735, 0), (65308735, 65308740, 0)]",1,5,0
65330449,4,,"[(65330449, 65296214, 0), (65330449, 65328978, 0), (65296214, 65330449, 0), (65328978, 65330449, 0)]",4,24,3
65349699,4,,"[(65349699, 65366859, 0)]",1,1,0
65327171,4,traffic_signals,"[(65327171, 65307414, 0), (65327171, 65336999, 0), (258758543, 65327171, 0)]",3,54,2
65339460,4,traffic_signals,"[(65339460, 258913493, 0), (65297832, 65339460, 0)]",2,24,1
65308740,3,traffic_signals,"[(65308740, 1472411079, 0), (65308735, 65308740, 0)]",2,15,1
65280072,4,traffic_signals,"[(65295447, 65280072, 0), (65280072, 65280069, 0), (65295449, 65280072, 0), (65280072, 65295449, 0), (65280072, 65295447, 0)]",5,72,4
466335817,4,traffic_signals,"[(65358040, 466335817, 0), (466335817, 259138402, 0)]",2,4,1
65308746,4,traffic_signals,"[(65308746, 65345909, 0), (65308820, 65308746, 0), (65308746, 261510697, 0)]",3,13,2
65280083,4,,"[(65280083, 65349668, 0), (65349668, 65280083, 0), (65280083, 65340583, 0), (65340583, 65280083, 0)]",1,1,0
277334103,3,,"[(5283668862, 277334103, 0)]",1,1,0
65310809,4,traffic_signals,[],1,1,0
65319004,4,,"[(65328209, 65319004, 0), (65329089, 65319004, 0), (65319004, 2351399563, 0), (65319004, 65329089, 0), (65319004, 65328209, 0)]",6,107,5
65337437,4,stop,"[(65337437, 65328354, 0), (65337437, 65365236, 0), (65328354, 65337437, 0), (65337437, 65365195, 0), (65365195, 65337437, 0), (65365236, 65337437, 0), (173175745, 65337437, 0), (65337437, 173175745, 0)]",7,73,6
65351772,4,traffic_signals,"[(65351772, 65300097, 0), (65351772, 6925582021, 0), (65300097, 65351772, 0), (65351772, 65319526, 0), (65371286, 65351772, 0)]",5,21,4
65351774,3,,"[(65351774, 65317542, 0), (65306804, 65351774, 0)]",1,6,0
65351775,3,,"[(65351775, 65351780, 0), (65317542, 65351775, 0)]",2,6,1
65308767,4,traffic_signals,"[(65308770, 65308767, 0), (65308767, 65308770, 0), (65308767, 65308764, 0), (65290286, 65308767, 0), (65308767, 65290286, 0), (65308767, 65345333, 0)]",6,34,5
6378899554,3,,"[(6378899554, 4019577207, 0), (330666983, 6378899554, 0)]",1,8,0
65308770,4,traffic_signals,"[(65308770, 65308767, 0), (65308770, 65290949, 0), (65308767, 65308770, 0), (65308770, 266903680, 0), (65290949, 65308770, 0)]",4,14,3
65351780,3,traffic_signals,"[(65351775, 65351780, 0), (65351780, 65282779, 0)]",2,8,1
65337445,4,,"[(65337445, 65301577, 0), (65301577, 65337445, 0), (65337445, 173175743, 0), (65339516, 65337445, 0), (65337445, 65339516, 0), (173175743, 65337445, 0)]",5,59,4
65337447,4,,"[(65352255, 65337447, 0), (65336675, 65337447, 0), (65337447, 65336675, 0), (65337447, 65352255, 0)]",2,15,1
65310823,4,traffic_signals,"[(65310823, 65339258, 0), (65339246, 65310823, 0), (259138837, 65310823, 0)]",3,44,2
65341548,4,,"[(65341548, 65329573, 0), (65329573, 65341548, 0)]",1,1,0
276805752,3,,"[(2327650831, 276805752, 0), (276805752, 2327650831, 0), (276805752, 65312030, 0)]",2,13,1
4694790267,3,,[],2,5,1
65339516,4,,"[(65339516, 5283668871, 0), (65339516, 65301575, 0), (65339516, 65337445, 0), (65337445, 65339516, 0), (65336921, 65339516, 0), (65339516, 65336921, 0)]",2,36,1
65321085,3,,"[(65321085, 65323900, 0), (65323900, 65321085, 0), (65343473, 65321085, 0), (65321085, 65343473, 0)]",4,38,3
65310843,4,,"[(65310843, 65361720, 0), (65310843, 65310403, 0), (65361720, 65310843, 0), (65289886, 65310843, 0)]",2,11,1
65292419,3,stop,"[(65292419, 65298353, 0), (65333496, 65292419, 0), (65292419, 65333496, 0), (65298353, 65292419, 0)]",3,16,2
6522255492,3,,"[(6522255492, 65367373, 0), (65324886, 6522255492, 0)]",1,9,0
4694790279,3,,"[(4104677530, 4694790279, 0), (65303589, 4694790279, 0), (4694790279, 65303589, 0), (65315412, 4694790279, 0), (4694790279, 65315412, 0)]",4,47,3
65308820,4,traffic_signals,"[(65308820, 65308746, 0)]",1,8,0
65333397,4,,"[(65333397, 65296374, 0), (65362663, 65333397, 0), (65306684, 65333397, 0), (65333397, 65362663, 0), (65333397, 65306684, 0)]",2,32,1
258759767,4,traffic_signals,"[(258759767, 65303573, 0)]",1,1,0
4104677530,3,,"[(4104677530, 4694790279, 0), (4104677530, 1148372849, 0), (65315412, 4104677530, 0), (4104677530, 65315412, 0), (1148372849, 4104677530, 0)]",2,11,1
65357979,4,traffic_signals,"[(65357979, 4941850449, 0)]",2,6,1
65317028,3,,"[(65317028, 65318326, 0), (65317028, 65318323, 0)]",1,2,0
1636827301,3,,"[(65312058, 1636827301, 0), (1636827301, 65312058, 0), (65291286, 1636827301, 0)]",1,21,0
65357989,4,,"[(65357989, 65357997, 0), (65357989, 65373958, 0), (65329503, 65357989, 0)]",1,5,0
65306789,5,traffic_signals,"[(5826707782, 65306789, 0), (65306789, 65306793, 0), (65306793, 65306789, 0)]",2,2,1
65325220,3,,"[(65306793, 65325220, 0)]",1,2,0
65306793,4,traffic_signals,"[(65306789, 65306793, 0), (65306793, 65306789, 0), (65306793, 65325220, 0)]",1,1,0
6320119975,4,,"[(6320119975, 65299949, 0)]",1,1,0
65357997,4,traffic_signals,"[(65357989, 65357997, 0), (65357997, 6917093878, 0)]",1,2,0
65306804,4,traffic_signals,"[(65306804, 6873099368, 0), (65319526, 65306804, 0), (65306804, 65351774, 0), (65300085, 65306804, 0)]",3,15,2
65327285,4,,"[(65327285, 65349059, 0), (65296774, 65327285, 0), (65349059, 65327285, 0), (65327285, 65296774, 0), (317353055, 65327285, 0)]",3,31,2
65306810,4,traffic_signals,"[(65306810, 65325037, 0)]",1,1,0
65341627,4,,"[(65341627, 65341630, 0), (65341627, 65308528, 0)]",1,1,0
265666762,4,traffic_signals,"[(65322282, 265666762, 0), (1472411079, 265666762, 0), (265666762, 65322282, 0), (265666762, 265666763, 0)]",4,30,3
265666763,3,traffic_signals,"[(265666763, 265666764, 0), (265666762, 265666763, 0)]",2,15,1
265666764,3,,"[(65288811, 265666764, 0), (265666763, 265666764, 0), (265666764, 65288811, 0)]",2,9,1
65301577,4,,"[(65337445, 65301577, 0), (65301577, 65336831, 0), (65301577, 65337445, 0), (65336831, 65301577, 0)]",1,9,0
5433307349,3,,"[(65339338, 5433307349, 0), (5433307349, 65314202, 0)]",3,13,2
65358040,3,,"[(65358040, 466335817, 0), (767752910, 65358040, 0)]",2,7,1
4015833309,4,,"[(4015833309, 259138856, 0), (65301549, 4015833309, 0), (4015833309, 65303583, 0), (259138856, 4015833309, 0), (65303583, 4015833309, 0)]",3,15,2
1580501214,3,traffic_signals,"[(65317939, 1580501214, 0), (1580501214, 65328690, 0), (1580501214, 1723738833, 0)]",2,17,1
65333496,3,,"[(65362744, 65333496, 0), (65333496, 65292419, 0), (65292419, 65333496, 0), (65333496, 65362744, 0)]",3,9,2
65292537,3,stop,"[(10155002500, 65292537, 0), (65346430, 65292537, 0), (65292537, 65346430, 0)]",2,18,1
65302780,4,,"[(65302782, 65302780, 0), (65302780, 65302782, 0), (65287674, 65302780, 0), (65302780, 65314570, 0), (65302780, 65287674, 0)]",4,19,3
65329405,4,traffic_signals,"[(65329405, 65308413, 0), (65308413, 65329405, 0), (65329405, 258756405, 0)]",1,1,0
6988515582,1,crossing,[],2,11,1
1271001343,4,traffic_signals,"[(1271001343, 1271001348, 0), (65303541, 1271001343, 0), (1271001343, 6988532615, 0)]",2,20,1
5854943486,3,traffic_signals,"[(5854943486, 65327403, 0), (5854943486, 65308413, 0)]",3,18,2
65302782,4,,"[(65302782, 4022927416, 0), (65302782, 65302780, 0), (4022927416, 65302782, 0), (65302780, 65302782, 0), (65302782, 65314572, 0), (65314572, 65302782, 0)]",6,48,5
6329528592,4,traffic_signals,"[(65291006, 6329528592, 0), (6329528592, 65291006, 0), (65334473, 6329528592, 0)]",3,22,2
65327403,4,traffic_signals,"[(5854943486, 65327403, 0), (65363153, 65327403, 0)]",1,1,0
65327408,3,traffic_signals,"[(65327408, 65336941, 0), (65336479, 65327408, 0), (65307354, 65327408, 0)]",3,27,2
5826707779,3,,"[(5826707779, 65363153, 0), (5853161527, 5826707779, 0)]",3,33,2
5826707782,3,,"[(5826707782, 65306789, 0), (5826707783, 5826707782, 0)]",2,3,1
5826707783,3,,"[(5826707783, 5826707782, 0), (65308413, 5826707783, 0), (5826707783, 5853161527, 0)]",4,29,3
258967880,4,traffic_signals,"[(258967880, 65294235, 0), (258967880, 65324858, 0), (65324858, 258967880, 0), (258967880, 258967879, 0)]",2,11,1
261510687,4,traffic_signals,"[(261510697, 261510687, 0), (261510687, 261510678, 0)]",3,14,2
65325391,4,traffic_signals,"[(65325391, 65339271, 0), (65339258, 65325391, 0)]",3,36,2
65333594,4,stop,[],1,1,0
65329503,4,,"[(4941850449, 65329503, 0), (65329503, 65357989, 0)]",1,2,0
65325408,3,traffic_signals,"[(65354097, 65325408, 0), (65325408, 65354097, 0), (65287287, 65325408, 0), (65325408, 65287287, 0)]",5,27,4
65302893,3,,"[(65344932, 65302893, 0), (65302893, 65298178, 0)]",3,39,2
65354097,3,,"[(65354097, 65325408, 0), (65325408, 65354097, 0), (8178983819, 65354097, 0)]",1,9,0
65321333,4,traffic_signals,"[(65321333, 4178749997, 0), (65321333, 65307315, 0), (4178749997, 65321333, 0), (2642129716, 65321333, 0), (65321333, 2642129716, 0)]",4,22,3
4019577207,5,traffic_signals,"[(6378899554, 4019577207, 0), (4019577207, 5610843322, 0), (4019577207, 65299327, 0), (65299327, 4019577207, 0)]",5,29,4
6710688121,4,traffic_signals,"[(65307417, 6710688121, 0), (6710688121, 173176455, 0), (6710688121, 65337003, 0)]",4,42,3
340160893,3,,"[(340160893, 6320120482, 0)]",1,1,0
65296774,4,,"[(65296774, 65296369, 0), (65296774, 65327285, 0), (65296774, 65336422, 0), (65336422, 65296774, 0), (65327285, 65296774, 0), (65296774, 65296771, 0)]",4,45,3
65356180,3,,"[(65336947, 65356180, 0), (65307359, 65356180, 0), (65356180, 65307359, 0), (65356180, 65336947, 0), (65356180, 65356183, 0)]",2,7,1
6949087637,4,traffic_signals,"[(4018639948, 6949087637, 0), (6949087637, 6949087636, 0)]",2,3,1
6949087636,4,traffic_signals,"[(6949087636, 6949087641, 0), (6949087637, 6949087636, 0)]",1,6,0
65356183,4,,"[(65356183, 65305824, 0), (65356183, 65336950, 0), (1496341778, 65356183, 0), (65356180, 65356183, 0)]",1,4,0
65356185,4,,"[(65356185, 65328707, 0), (65356185, 65336953, 0), (65307363, 65356185, 0), (65305824, 65356185, 0)]",2,3,1
6949087641,3,,"[(6949087641, 297254899, 0), (6949087636, 6949087641, 0)]",2,5,1
65307040,4,,"[(65307040, 65324869, 0), (65324869, 65307040, 0), (65324871, 65307040, 0), (65307040, 65324871, 0)]",2,17,1
65313184,4,stop,[],1,1,0
65329573,4,,"[(65341548, 65329573, 0), (65329573, 65341548, 0), (65329573, 65296066, 0)]",1,1,0
65304997,4,stop,"[(65304997, 65324869, 0), (65304997, 260494519, 0), (65312121, 65304997, 0), (65324869, 65304997, 0), (65304997, 65312121, 0)]",2,22,1
6952632751,3,,"[(6952632751, 5853161522, 0), (6952632751, 5853161520, 0)]",4,37,3
65307069,4,,"[(65302394, 65307069, 0), (65307069, 65302394, 0), (65312050, 65307069, 0), (65307069, 65312050, 0)]",3,30,2
65292734,3,traffic_signals,"[(65303566, 65292734, 0), (65303568, 65292734, 0), (65292734, 65303568, 0), (65292734, 65303566, 0)]",1,2,0
601280963,3,,"[(65352349, 601280963, 0), (601280963, 258759746, 0), (601280963, 65287229, 0), (258759746, 601280963, 0), (601280963, 65352349, 0)]",5,72,4
65292743,4,stop,"[(65292743, 65307438, 0), (173176449, 65292743, 0), (65307438, 65292743, 0), (65292743, 65292745, 0), (65292743, 173176449, 0)]",5,65,4
275511769,1,,[],1,16,0
65292764,4,stop,"[(65292764, 65312705, 0), (65312700, 65292764, 0), (65292764, 65312700, 0), (65312705, 65292764, 0)]",3,29,2
65317347,4,stop,"[(65328382, 65317347, 0)]",1,1,0
5318468081,2,traffic_signals,"[(5318468081, 65303525, 0), (65303525, 5318468081, 0), (1723739241, 5318468081, 0)]",2,23,1
6917093878,3,,"[(6917093878, 65323671, 0), (65357997, 6917093878, 0)]",2,9,1
65305089,4,,"[(65305089, 65356422, 0), (65323671, 65305089, 0)]",2,13,1
4018840072,1,,"[(65295299, 4018840072, 0)]",3,12,2
65317386,4,traffic_signals,"[(65336534, 65317386, 0), (65317386, 65345359, 0), (65345359, 65317386, 0), (65317386, 65317383, 0), (65317386, 65336534, 0)]",1,19,0
2327650830,3,,"[(2327650830, 65312038, 0), (65312038, 2327650830, 0), (2327650830, 2327650831, 0)]",1,10,0
2327650831,3,,"[(2327650831, 276805752, 0), (276805752, 2327650831, 0), (2327650830, 2327650831, 0)]",1,15,0
65367585,3,,"[(65367585, 1692478722, 0), (260494523, 65367585, 0)]",1,9,0
65307164,3,,"[(65307164, 65295499, 0), (65307164, 65351953, 0), (65295499, 65307164, 0), (65307164, 65307165, 0), (65307165, 65307164, 0)]",4,33,3
65307165,4,,"[(65307165, 65333130, 0), (258910948, 65307165, 0), (65333130, 65307165, 0), (65307164, 65307165, 0), (65307165, 65307164, 0), (65307165, 258910948, 0)]",5,76,4
65307172,4,,"[(65307172, 65333137, 0)]",1,1,0
4178749997,3,,"[(65321333, 4178749997, 0), (4178749997, 2642129714, 0), (4178749997, 65321333, 0), (2642129714, 4178749997, 0)]",1,7,0
65290798,3,,"[(65290798, 65315481, 0), (65290798, 65281097, 0), (65315481, 65290798, 0), (65281097, 65290798, 0)]",1,8,0
258761269,4,traffic_signals,"[(258761269, 65314192, 0)]",1,1,0
65352255,4,,"[(65352255, 65337447, 0), (65336924, 65352255, 0), (65352255, 65336924, 0), (65337447, 65352255, 0)]",1,5,0
65352257,4,traffic_signals,"[(65352257, 1148372880, 0), (4023155492, 65352257, 0), (65315412, 65352257, 0), (65352257, 65315412, 0)]",5,66,4
65292875,3,,"[(65312056, 65292875, 0), (65292875, 65312053, 0), (65292875, 65312056, 0)]",2,15,1
65315412,4,traffic_signals,"[(65315412, 65319999, 0), (65315412, 65352257, 0), (65315412, 4104677530, 0), (65315412, 4694790279, 0), (65352257, 65315412, 0), (4694790279, 65315412, 0), (4104677530, 65315412, 0)]",2,34,1
65313365,4,stop,"[(65287260, 65313365, 0), (65313365, 65336713, 0), (65313365, 6910272809, 0), (6910272809, 65313365, 0), (65336713, 65313365, 0), (65313365, 65287260, 0), (65313365, 65308332, 0)]",7,89,6
65333859,4,traffic_signals,"[(65333859, 65317986, 0), (65339315, 65333859, 0)]",3,34,2
65319526,3,traffic_signals,"[(65319526, 65306804, 0), (65351772, 65319526, 0)]",2,11,1
65288811,4,,"[(65288811, 265666764, 0), (65288811, 65322282, 0), (265666764, 65288811, 0), (65322282, 65288811, 0)]",3,24,2
4014191213,3,,"[(4014191213, 65338001, 0), (4014191213, 1148372849, 0)]",3,12,2
65356398,4,,"[(65356398, 65325380, 0), (65287232, 65356398, 0)]",1,1,0
65315446,3,traffic_signals,"[(65315446, 65315781, 0), (65315779, 65315446, 0), (65315446, 65315779, 0), (65315781, 65315446, 0), (65315446, 65315445, 0)]",4,21,3
65352321,2,traffic_signals,"[(65303689, 65352321, 0), (65352321, 65303689, 0)]",6,144,5
10155002500,3,stop,"[(10155002500, 65292537, 0), (10155002500, 65323900, 0), (65323900, 10155002500, 0)]",2,24,1
65352325,3,traffic_signals,"[(65303689, 65352325, 0), (65352325, 65303689, 0), (65352325, 65352330, 0), (65352325, 65308268, 0), (65352330, 65352325, 0)]",6,124,5
65356422,4,stop,"[(65356422, 65332243, 0), (65305089, 65356422, 0), (65332243, 65356422, 0)]",3,23,2
65337991,3,,"[(342573716, 65337991, 0)]",2,5,1
65352330,4,traffic_signals,"[(65352330, 65287201, 0), (65352337, 65352330, 0), (65352325, 65352330, 0), (65352330, 65352337, 0), (65352330, 65352325, 0)]",7,116,6
65352337,4,traffic_signals,"[(65352337, 65327144, 0), (65327144, 65352337, 0), (65352337, 65352330, 0), (65352337, 65308278, 0), (65352330, 65352337, 0)]",5,91,4
65352339,4,traffic_signals,"[(65327144, 65352339, 0), (9691602628, 65352339, 0), (65352339, 258758554, 0), (65352339, 65327144, 0)]",5,57,4
342573716,4,traffic_signals,"[(342573716, 65337991, 0), (263991315, 342573716, 0)]",1,6,0
65323671,4,,"[(65323671, 65305089, 0), (6917093878, 65323671, 0)]",2,11,1
65352344,4,traffic_signals,"[(9691602628, 65352344, 0), (65352344, 65350747, 0), (65350747, 65352344, 0), (65352344, 65356392, 0)]",4,79,3
65315481,4,traffic_signals,"[(65290798, 65315481, 0), (65324087, 65315481, 0), (65315481, 65324087, 0), (65315481, 65293779, 0), (65315481, 65290798, 0)]",3,19,2
65352349,4,,"[(65352349, 601280963, 0), (65352349, 65287232, 0), (65352349, 65348291, 0), (65352349, 65308302, 0), (65287232, 65352349, 0), (65348291, 65352349, 0), (601280963, 65352349, 0)]",6,130,5
65352351,4,stop,"[(65352351, 65336583, 0), (65336583, 65352351, 0), (65352351, 65348291, 0), (65352351, 271820604, 0), (65348291, 65352351, 0), (65352351, 65308306, 0)]",6,78,5
6320120482,4,,"[(340160893, 6320120482, 0)]",1,1,0
65317542,4,traffic_signals,"[(65351774, 65317542, 0), (65317542, 65351775, 0)]",4,14,3
65333929,4,,"[(65333932, 65333929, 0), (65299429, 65333929, 0), (65333929, 65333932, 0)]",1,5,0
65288875,4,,"[(65288875, 65296348, 0), (65296348, 65288875, 0), (65288875, 65296351, 0), (65288875, 65288872, 0), (65288875, 65288878, 0), (65296351, 65288875, 0)]",5,84,4
65333932,4,stop,"[(65365236, 65333932, 0), (65333932, 65333929, 0), (65333929, 65333932, 0)]",1,3,0
65299118,3,,"[(65300054, 65299118, 0), (65299118, 65300056, 0)]",2,6,1
65292975,4,stop,"[(65292975, 65298164, 0), (65293729, 65292975, 0), (65292975, 65293729, 0), (65298164, 65292975, 0)]",3,51,2
258968242,4,traffic_signals,"[(258968242, 258968241, 0)]",1,1,0
258968244,4,traffic_signals,"[(258968244, 65324856, 0), (65324856, 258968244, 0)]",3,17,2
258910905,4,traffic_signals,"[(258910905, 65315781, 0), (258910905, 258910914, 0), (258911592, 258910905, 0), (65315781, 258910905, 0)]",4,15,3
65307322,3,,"[(65307322, 65327927, 0), (65327929, 65307322, 0), (65327927, 65307322, 0), (65307322, 65327929, 0)]",2,14,1
65348291,4,,"[(65348291, 265689222, 0), (65352349, 65348291, 0), (65352351, 65348291, 0), (65348291, 65352351, 0), (65348291, 65352349, 0)]",5,116,4
65290949,5,traffic_signals,"[(65290949, 65290947, 0), (65308770, 65290949, 0), (65290949, 65308770, 0), (65290949, 65308708, 0), (261510655, 65290949, 0)]",4,17,3
65297095,4,,"[(65297095, 65309555, 0), (65297095, 65329901, 0)]",1,1,0
65306562,4,,"[(65306562, 65318505, 0)]",1,1,0
1723738829,4,traffic_signals,"[(763026749, 1723738829, 0), (1723738829, 65293741, 0), (1723738829, 1723738966, 0), (1723738829, 3814451006, 0)]",7,120,6
767752910,3,,"[(767752910, 65358040, 0), (259138404, 767752910, 0)]",3,27,2
1723738833,1,traffic_signals,"[(1580501214, 1723738833, 0)]",2,49,1
65317590,4,traffic_signals,"[(65345337, 65317590, 0), (65317590, 65345337, 0), (65317590, 65317592, 0), (65317590, 65296214, 0), (65296214, 65317590, 0)]",4,22,3
65307352,4,traffic_signals,"[(65336941, 65307352, 0), (65307352, 65307354, 0), (317122247, 65307352, 0)]",4,58,3
65307354,4,traffic_signals,"[(65307354, 65307356, 0), (65307352, 65307354, 0), (65307354, 65327408, 0)]",3,25,2
65282779,6,traffic_signals,"[(65351780, 65282779, 0), (65282779, 65281916, 0)]",2,14,1
65307356,4,traffic_signals,"[(65336479, 65307356, 0), (65307354, 65307356, 0), (65307356, 65307359, 0)]",4,35,3
260190943,4,traffic_signals,"[(260191102, 260190943, 0), (260190943, 260191102, 0), (260190943, 295218056, 0), (295218056, 260190943, 0)]",4,40,3
65307359,4,traffic_signals,"[(65307359, 65356180, 0), (65307356, 65307359, 0), (65356180, 65307359, 0), (65307359, 4019009276, 0)]",5,30,4
65307363,4,traffic_signals,"[(65305819, 65307363, 0), (65307363, 65307366, 0), (65307363, 65356185, 0)]",4,49,3
258910948,4,traffic_signals,"[(258910948, 258910949, 0), (258910948, 65307165, 0), (65307165, 258910948, 0)]",4,53,3
258910949,4,traffic_signals,"[(258910948, 258910949, 0), (65333130, 258910949, 0), (258910949, 65333130, 0)]",4,44,3
65307366,4,traffic_signals,"[(65307366, 65307368, 0), (65307366, 65328707, 0), (65307363, 65307366, 0)]",5,38,4
65362663,4,,"[(65327062, 65362663, 0), (65362663, 65333397, 0), (65362663, 65327062, 0), (65333397, 65362663, 0), (65362663, 65336188, 0)]",4,67,3
65307368,3,,"[(65307366, 65307368, 0), (65307368, 65307376, 0), (65336959, 65307368, 0)]",4,34,3
65306568,4,,"[(65318508, 65306568, 0)]",1,2,0
65307376,4,traffic_signals,"[(65336961, 65307376, 0), (65307376, 65307381, 0), (6378899315, 65307376, 0), (65307376, 65336961, 0), (65307368, 65307376, 0), (65307376, 6378899315, 0)]",7,95,6
65352435,4,traffic_signals,"[(65295299, 65352435, 0), (65319940, 65352435, 0), (65352435, 65295299, 0), (65352435, 6319217970, 0), (65352435, 65319940, 0)]",2,6,1
65307381,6,traffic_signals,"[(65307376, 65307381, 0), (65307381, 65307389, 0), (65307381, 6319217963, 0), (65307381, 5020557558, 0)]",5,47,4
65307389,4,,"[(65307389, 65326726, 0), (65307381, 65307389, 0), (65307389, 65306087, 0)]",3,21,2
65334013,4,traffic_signals,"[(65334013, 65299327, 0), (65299327, 65334013, 0), (65334013, 65332850, 0), (65371299, 65334013, 0), (65334013, 65371299, 0)]",5,35,4
65291006,3,traffic_signals,"[(10251824554, 65291006, 0), (65291006, 6329528592, 0), (6329528592, 65291006, 0), (65291006, 10251824554, 0)]",2,4,1
4954688253,4,traffic_signals,[],1,1,0
65307397,4,,"[(65336974, 65307397, 0), (65306087, 65307397, 0), (65307397, 65336974, 0), (65307397, 65307399, 0)]",3,35,2
11397069573,3,,"[(65304059, 11397069573, 0)]",1,1,0
65307399,4,,"[(65307399, 65295328, 0), (65307399, 65307404, 0), (65307399, 65336976, 0), (65336976, 65307399, 0), (65307397, 65307399, 0)]",6,46,5
11397069575,3,,"[(11397069575, 65312117, 0)]",2,2,1
65307404,4,,"[(65336987, 65307404, 0), (65307399, 65307404, 0), (65307404, 65307408, 0), (65307404, 65336987, 0)]",3,43,2
65307408,4,traffic_signals,"[(65336993, 65307408, 0), (65307408, 65336993, 0), (65307408, 65307412, 0), (65307404, 65307408, 0)]",4,50,3
65307412,4,,"[(65307412, 65307414, 0), (65307408, 65307412, 0)]",4,53,3
65307414,4,traffic_signals,"[(65307412, 65307414, 0), (65327171, 65307414, 0), (65307414, 258758544, 0)]",4,55,3
65307417,4,traffic_signals,"[(9691602671, 65307417, 0), (65307417, 6710688121, 0), (65337001, 65307417, 0)]",2,16,1
581251865,3,,"[(581251865, 65324878, 0), (65324871, 581251865, 0), (65324878, 581251865, 0), (581251865, 65312520, 0), (581251865, 65324871, 0)]",3,25,2
65348379,3,,"[(65318100, 65348379, 0), (65294381, 65348379, 0), (65348379, 360423920, 0), (65348379, 65318100, 0), (65348379, 65294381, 0)]",3,22,2
4023155492,3,,"[(4023155492, 65352257, 0), (4014218767, 4023155492, 0), (4023155492, 1148372880, 0), (4023155492, 4014218767, 0)]",2,13,1
65327914,4,traffic_signals,"[(65327914, 65339246, 0), (2481630307, 65327914, 0)]",3,42,2
65289005,3,,"[(65345130, 65289005, 0), (65289005, 65312208, 0)]",1,2,0
65307438,4,stop,"[(65292743, 65307438, 0), (65307440, 65307438, 0), (65307438, 65307440, 0), (65307438, 65328349, 0), (65307438, 65292743, 0)]",7,110,6
65354542,4,,"[(65296354, 65354542, 0), (65354542, 65296354, 0), (65349059, 65354542, 0), (65354542, 65349059, 0)]",5,63,4
65307440,4,traffic_signals,"[(65307440, 65307443, 0), (65336914, 65307440, 0), (65307440, 65295361, 0), (65307440, 65307438, 0), (65307440, 65336914, 0), (65307438, 65307440, 0), (65295361, 65307440, 0), (65307443, 65307440, 0)]",6,127,5
65293105,4,,"[(65293105, 65295489, 0), (65293105, 65295487, 0), (65293105, 65293108, 0), (65295489, 65293105, 0), (65295487, 65293105, 0)]",3,35,2
2642129714,4,traffic_signals,"[(2642129714, 65337066, 0), (4178749997, 2642129714, 0), (65337066, 2642129714, 0), (2642129714, 4178749997, 0)]",1,13,0
65307443,4,,"[(65307440, 65307443, 0), (65307443, 65295364, 0), (65307443, 5283668862, 0), (65295364, 65307443, 0), (65307443, 65307440, 0), (5283668862, 65307443, 0)]",6,109,5
2642129716,3,,"[(2642129716, 65337038, 0), (2642129716, 65321333, 0), (65321333, 2642129716, 0), (65337038, 2642129716, 0)]",1,16,0
65327925,4,traffic_signals,"[(65327925, 65327927, 0), (65332164, 65327925, 0), (65327925, 65332164, 0), (65327927, 65327925, 0)]",5,28,4
65327927,4,traffic_signals,"[(65307322, 65327927, 0), (65327925, 65327927, 0), (65327927, 65307322, 0), (65327927, 65332168, 0), (65327927, 65327925, 0)]",6,27,5
65362744,3,,"[(65362744, 65337066, 0), (65362744, 65333496, 0), (65337066, 65362744, 0), (65333496, 65362744, 0)]",2,7,1
65327929,3,,"[(65327929, 65327931, 0), (65327929, 65307322, 0), (65307322, 65327929, 0), (65327931, 65327929, 0)]",1,9,0
65327931,3,stop,"[(65327929, 65327931, 0), (65327933, 65327931, 0), (65327931, 65327929, 0), (65327931, 65327933, 0)]",2,21,1
65327933,4,stop,"[(65327936, 65327933, 0), (65327933, 65333410, 0), (65327933, 65327936, 0), (65327933, 65327931, 0), (65327931, 65327933, 0)]",5,26,4
65307453,4,,"[(65307453, 65295369, 0)]",1,1,0
65336127,4,stop,"[(65336127, 65326443, 0), (65336129, 65336127, 0), (65326443, 65336127, 0), (65336127, 65336129, 0)]",5,14,4
65327936,3,traffic_signals,"[(65361720, 65327936, 0), (65327936, 65327933, 0), (65327933, 65327936, 0), (65327936, 65361720, 0)]",5,30,4
65336129,3,stop,"[(65336129, 65336127, 0), (65322726, 65336129, 0), (65336129, 65322726, 0), (65336127, 65336129, 0)]",5,29,4
581047109,4,traffic_signals,"[(581047109, 65345379, 0)]",1,1,0
7293111110,1,,[],2,43,1
65307463,4,traffic_signals,"[(65307463, 65336924, 0), (65336924, 65307463, 0), (65307463, 65307461, 0), (65307463, 65295383, 0), (65295383, 65307463, 0)]",1,8,0
65307474,4,,"[(65307474, 65307477, 0), (65307477, 65307474, 0), (65307474, 65295403, 0), (65295403, 65307474, 0)]",4,14,3
65307477,4,,"[(65307474, 65307477, 0), (65307477, 65307479, 0), (65307477, 65307474, 0), (65307479, 65307477, 0), (65295411, 65307477, 0)]",3,12,2
65307479,3,,"[(65307479, 65295420, 0), (65295420, 65307479, 0), (65307477, 65307479, 0), (65307479, 65307477, 0)]",3,11,2
581047133,4,traffic_signals,[],1,1,0
65334111,3,traffic_signals,"[(65334111, 65328690, 0), (65300107, 65334111, 0), (65334111, 65348742, 0)]",4,84,3
259138401,4,,"[(259138402, 259138401, 0), (259138401, 65344932, 0)]",2,10,1
259138402,3,,"[(259138402, 259138401, 0), (466335817, 259138402, 0)]",1,8,0
259138404,4,stop,"[(259138404, 767752910, 0)]",2,16,1
65330033,4,,[],1,2,0
65309555,4,traffic_signals,"[(65297095, 65309555, 0)]",1,2,0
4017324918,3,,"[(4017324918, 65295385, 0), (4017324918, 65295383, 0), (65295383, 4017324918, 0), (65295385, 4017324918, 0), (4017324918, 4014218767, 0)]",5,88,4
5283668859,3,,"[(5283668859, 173175743, 0), (5283668859, 173175745, 0), (173175745, 5283668859, 0), (173175743, 5283668859, 0)]",3,29,2
65323900,3,,"[(65321085, 65323900, 0), (65323900, 65321085, 0), (10155002500, 65323900, 0), (65323900, 10155002500, 0)]",3,21,2
3902413693,3,traffic_signals,"[(2936165726, 3902413693, 0), (6988532615, 3902413693, 0)]",4,10,3
260191102,4,traffic_signals,"[(260191102, 3978797440, 0), (260191102, 65363220, 0), (260191102, 260190943, 0), (260190943, 260191102, 0), (65363220, 260191102, 0)]",4,56,3
65346430,4,,"[(65346430, 65305070, 0), (65332243, 65346430, 0), (65346430, 65332243, 0), (65346430, 65292537, 0), (65292537, 65346430, 0)]",2,24,1
65299327,4,traffic_signals,"[(65334013, 65299327, 0), (65299327, 65334013, 0), (65299327, 330662141, 0), (4019577207, 65299327, 0), (65299327, 4019577207, 0)]",3,24,2
5283668862,4,,"[(65307443, 5283668862, 0), (65336914, 5283668862, 0), (5283668862, 277334103, 0), (5283668862, 65307443, 0)]",1,1,0
65312705,4,,"[(65292764, 65312705, 0), (65312705, 65312706, 0), (65312706, 65312705, 0), (65312705, 65292764, 0)]",3,18,2
6988532615,3,,"[(6988532615, 2936165726, 0), (6988532615, 3902413693, 0), (1271001343, 6988532615, 0)]",1,5,0
295218056,4,traffic_signals,"[(295218056, 65294381, 0), (295218056, 258967899, 0), (260190943, 295218056, 0), (295218056, 260190943, 0), (65294381, 295218056, 0)]",4,53,3
5283668871,3,,"[(65339516, 5283668871, 0)]",1,1,0
8178983819,3,,"[(8178983819, 65354097, 0)]",1,1,0
65338267,4,,"[(65338267, 65314212, 0), (65338267, 258456881, 0), (65314212, 65338267, 0)]",1,10,0
65368988,4,traffic_signals,"[(65349161, 65368988, 0), (65368988, 6910272807, 0), (65368988, 65353096, 0), (65353096, 65368988, 0)]",2,20,1
65368992,3,,"[(346527552, 65368992, 0), (65368992, 65347140, 0), (65358843, 65368992, 0)]",1,3,0
6522764204,3,,"[(6522764204, 260494513, 0)]",1,1,0
65334193,4,traffic_signals,"[(65334193, 1677788981, 0), (65345337, 65334193, 0), (65334193, 65345337, 0), (1677788981, 65334193, 0)]",4,24,3
173175743,4,,"[(173175743, 65336607, 0), (5283668859, 173175743, 0), (65337445, 173175743, 0), (173175743, 65337445, 0), (173175743, 5283668859, 0)]",5,52,4
65338304,4,traffic_signals,"[(65338304, 65317971, 0)]",1,1,0
173175745,4,,"[(173175745, 65348278, 0), (173175745, 65337437, 0), (65337437, 173175745, 0), (5283668859, 173175745, 0), (173175745, 5283668859, 0)]",5,37,4
65295299,4,traffic_signals,"[(65295299, 65352435, 0), (65295299, 6319217969, 0), (65352435, 65295299, 0), (65295299, 4018840072, 0)]",2,12,1
65332164,4,stop,"[(65332164, 65330974, 0), (65298353, 65332164, 0), (65332164, 65327925, 0), (65332164, 65298353, 0), (65327925, 65332164, 0)]",4,28,3
65315781,3,traffic_signals,"[(258910905, 65315781, 0), (65315446, 65315781, 0), (65315781, 65315446, 0), (65315781, 258910905, 0)]",2,19,1
65315779,3,,"[(65315779, 65295420, 0), (65315779, 65324615, 0), (65295420, 65315779, 0), (65315779, 65315446, 0), (65315446, 65315779, 0)]",2,15,1
65315787,3,,"[(65315787, 309032633, 0), (309032633, 65315787, 0), (65291752, 65315787, 0), (65308495, 65315787, 0), (65315787, 65308495, 0)]",1,8,0
65315790,4,traffic_signals,"[(65315790, 309032633, 0), (65291752, 65315790, 0), (65315790, 3998115410, 0), (309032633, 65315790, 0), (3998115410, 65315790, 0), (65315790, 65308364, 0), (65308364, 65315790, 0), (65315790, 65291752, 0)]",3,29,2
65315792,3,,"[(65315792, 65315794, 0), (65315794, 65315792, 0), (65315792, 65308364, 0), (65308364, 65315792, 0)]",1,6,0
65315794,3,stop,"[(65287298, 65315794, 0), (65315792, 65315794, 0), (65315794, 65315792, 0), (65315794, 65287298, 0)]",1,6,0
65319894,4,,"[(65298398, 65319894, 0), (65319894, 65324849, 0), (65319894, 65298398, 0), (65324849, 65319894, 0)]",3,14,2
65319908,4,traffic_signals,"[(6906996472, 65319908, 1), (65319908, 65318323, 0), (6906996472, 65319908, 0)]",3,5,2
65303525,3,traffic_signals,"[(5318468081, 65303525, 0), (65303525, 65319911, 0), (65303525, 5318468081, 0), (65303525, 65303529, 0)]",3,25,2
65299429,4,,"[(65299429, 65333929, 0), (65299429, 65345292, 0), (65345292, 65299429, 0)]",1,3,0
330666983,4,traffic_signals,"[(330666983, 65312657, 0), (65312657, 330666983, 0), (330666983, 6378899554, 0), (330666993, 330666983, 0)]",2,14,1
65297381,4,,"[(65295385, 65297381, 0), (65297381, 65295385, 0)]",1,1,0
65303529,4,traffic_signals,"[(65303529, 65303533, 0), (65303529, 65305814, 0), (65303525, 65303529, 0)]",1,2,0
65332198,4,,"[(65332198, 65350533, 0)]",1,1,0
371239915,3,,"[(371239915, 65337003, 0), (65337003, 371239915, 0), (173176455, 371239915, 0), (371239915, 173176455, 0)]",4,33,3
65303533,4,traffic_signals,"[(65303529, 65303533, 0), (65303533, 65303538, 0), (65314146, 65303533, 0), (65303533, 65319923, 0)]",2,15,1
330666993,4,traffic_signals,"[(65312651, 330666993, 0), (330666993, 330666983, 0), (330666993, 65312651, 0)]",5,27,4
65303538,4,traffic_signals,"[(65303533, 65303538, 0), (65303538, 6378899319, 0), (65303538, 1271001348, 0)]",3,14,2
65303541,4,traffic_signals,"[(6378899319, 65303541, 0), (6378899315, 65303541, 0), (65303541, 1271001343, 0), (65303541, 65303544, 0)]",2,18,1
65303544,6,traffic_signals,"[(65303544, 65303546, 0), (65303541, 65303544, 0)]",1,2,0
65303546,4,traffic_signals,"[(65303544, 65303546, 0), (65303546, 65303548, 0)]",1,1,0
65358843,3,,"[(346527552, 65358843, 0), (65358843, 65368992, 0)]",1,1,0
65303548,4,traffic_signals,"[(65303548, 65303550, 0), (65303546, 65303548, 0)]",1,2,0
65297405,3,,"[(65297405, 65347537, 0), (65361705, 65297405, 0), (65347537, 65297405, 0), (65297405, 65361705, 0)]",1,7,0
65303550,4,traffic_signals,"[(65303550, 65303552, 0), (65303548, 65303550, 0)]",1,2,0
65303552,4,traffic_signals,"[(65303550, 65303552, 0), (65303552, 65303553, 0)]",1,2,0
65295361,4,traffic_signals,"[(65295361, 65295364, 0), (65307440, 65295361, 0), (65295361, 65307440, 0), (65295364, 65295361, 0)]",2,6,1
65303554,4,traffic_signals,"[(65303554, 65303556, 0)]",1,2,0
65295364,4,traffic_signals,"[(65295361, 65295364, 0), (65295364, 65295367, 0), (65307443, 65295364, 0), (65295364, 65307443, 0), (65295367, 65295364, 0), (65295364, 65295361, 0)]",5,94,4
65303556,4,traffic_signals,"[(65303556, 258758548, 0), (65303554, 65303556, 0)]",1,2,0
65319940,3,traffic_signals,"[(65319940, 65352435, 0), (65352435, 65319940, 0)]",5,27,4
65295367,4,traffic_signals,"[(65295367, 65352468, 0), (65295364, 65295367, 0), (65295367, 65295369, 0), (65295369, 65295367, 0), (65295367, 65295364, 0)]",5,74,4
65303559,4,traffic_signals,"[(65303559, 65303560, 0)]",1,1,0
65295369,4,traffic_signals,"[(65295369, 4019294259, 0), (65307453, 65295369, 0), (65295369, 65336596, 0), (65295367, 65295369, 0), (65295369, 65295367, 0), (4019294259, 65295369, 0)]",6,69,5
65303561,4,traffic_signals,"[(65303560, 65303561, 0), (65303561, 4014319583, 0), (4014319583, 65303561, 0)]",1,3,0
65303560,4,traffic_signals,"[(65303560, 65303561, 0), (65303559, 65303560, 0)]",1,1,0
65303566,4,traffic_signals,"[(65303566, 65292734, 0), (65314187, 65303566, 0), (65303566, 65314187, 0), (4014319583, 65303566, 0), (65303566, 4014319583, 0), (65292734, 65303566, 0)]",1,3,0
65295375,4,traffic_signals,"[(65295375, 4019294259, 0), (65295375, 65295377, 0), (65295377, 65295375, 0), (4019294259, 65295375, 0)]",5,60,4
65303568,4,traffic_signals,"[(65303568, 65292734, 0), (65292734, 65303568, 0)]",1,1,0
65295377,4,traffic_signals,"[(65295377, 65295379, 0), (65295375, 65295377, 0), (65295377, 65295375, 0), (65295377, 65336823, 0), (65295379, 65295377, 0)]",6,77,5
65295379,4,traffic_signals,"[(65295379, 65295383, 0), (65295383, 65295379, 0), (65295377, 65295379, 0), (65295379, 65336671, 0), (65295379, 65295377, 0)]",6,56,5
65332243,4,,"[(65356422, 65332243, 0), (65332243, 65356422, 0), (65332243, 65346430, 0), (65346430, 65332243, 0)]",2,18,1
65301525,4,,"[(65301525, 2819241004, 0), (65301525, 65336865, 0), (2819241004, 65301525, 0), (65336865, 65301525, 0)]",5,73,4
65303574,4,,"[(65303574, 65303577, 0), (65303574, 65319983, 0), (65303573, 65303574, 0), (65303574, 65303573, 0), (65303577, 65303574, 0)]",1,4,0
65295383,4,traffic_signals,"[(65295379, 65295383, 0), (65295383, 65295379, 0), (4017324918, 65295383, 0), (65295383, 4017324918, 0), (65307463, 65295383, 0), (65295383, 4014218767, 0), (65295383, 65307463, 0), (4014218767, 65295383, 0)]",7,99,6
65291286,3,,"[(65291286, 65312056, 0), (65312056, 65291286, 0), (65291286, 1636827301, 0)]",1,26,0
65295385,3,traffic_signals,"[(4017324918, 65295385, 0), (65295385, 65297381, 0), (65295385, 4017324918, 0), (65295385, 65295388, 0), (65295388, 65295385, 0), (65297381, 65295385, 0)]",5,58,4
258964505,4,,"[(258964507, 258964505, 0), (65300475, 258964505, 0), (258964505, 65300475, 0)]",4,35,3
258964507,4,,"[(258964507, 258964505, 0), (258964507, 65300486, 0), (258964508, 258964507, 0)]",2,15,1
65295388,4,traffic_signals,"[(65295388, 65307468, 0), (65295388, 65295392, 0), (65295388, 65336308, 0), (65295385, 65295388, 0), (65295388, 65295385, 0), (65295392, 65295388, 0)]",5,83,4
65303581,4,traffic_signals,"[(65303578, 65303581, 0), (65303581, 65303578, 0), (65303581, 65319992, 0), (65314202, 65303581, 0)]",3,43,2
258964508,4,traffic_signals,"[(258964508, 65300495, 0), (65300495, 258964508, 0), (258964508, 258964507, 0)]",2,16,1
65303583,4,,"[(65303583, 65303586, 0), (65303586, 65303583, 0), (4015833309, 65303583, 0), (65303583, 4015833309, 0)]",3,20,2
65295392,3,traffic_signals,"[(65295392, 65295399, 0), (65295388, 65295392, 0), (65295392, 65295740, 0), (65295392, 65295388, 0), (65295399, 65295392, 0)]",6,66,5
65303586,4,,"[(65303586, 65303589, 0), (65303583, 65303586, 0), (65303586, 65303583, 0), (65303589, 65303586, 0)]",3,7,2
65303578,4,,"[(65303578, 65303581, 0), (65303581, 65303578, 0), (65303577, 65303578, 0), (65303578, 65303577, 0)]",1,2,0
65303589,3,,"[(65303586, 65303589, 0), (65314212, 65303589, 0), (65303589, 65314212, 0), (65303589, 4694790279, 0), (4694790279, 65303589, 0), (65303589, 65303586, 0)]",3,34,2
65295399,4,traffic_signals,"[(65295399, 4023087068, 0), (65295392, 65295399, 0), (65295399, 65295401, 0), (65295401, 65295399, 0), (65295399, 65307471, 0), (65295399, 65295392, 0)]",7,109,6
65295401,3,,"[(65295403, 65295401, 0), (65295401, 65295403, 0), (65295399, 65295401, 0), (65295401, 65295399, 0), (65295401, 9602564591, 0)]",3,38,2
65295403,3,traffic_signals,"[(65295403, 65295401, 0), (65295401, 65295403, 0), (65307474, 65295403, 0), (65295403, 65295405, 0), (65295405, 65295403, 0), (65295403, 65307474, 0)]",5,60,4
2819241004,4,traffic_signals,"[(65301525, 2819241004, 0), (2819241004, 65339290, 0), (2819241004, 259138843, 0), (2819241004, 65301525, 0), (65339290, 2819241004, 0), (259138846, 2819241004, 0)]",6,122,5
65295405,3,,"[(65295405, 65315442, 0), (65295411, 65295405, 0), (65295403, 65295405, 0), (65295405, 65295403, 0), (65295405, 65295411, 0)]",4,60,3
65301549,4,traffic_signals,"[(65301549, 4015833309, 0), (65301549, 259138858, 0)]",1,2,0
65295411,3,traffic_signals,"[(65295411, 65295413, 0), (65295411, 65295405, 0), (65295411, 65307477, 0), (65295413, 65295411, 0), (65295405, 65295411, 0)]",3,48,2
65317939,4,traffic_signals,"[(65317939, 65371286, 0), (65317939, 1580501214, 0), (2936165726, 65317939, 0)]",3,9,2
65295413,3,,"[(65295413, 65295415, 0), (65295411, 65295413, 0), (65295415, 65295413, 0), (65295413, 65295411, 0)]",4,62,3
65295415,3,,"[(65295413, 65295415, 0), (65295415, 65295420, 0), (65295420, 65295415, 0), (65295415, 65295413, 0)]",5,56,4
65319992,4,traffic_signals,"[(259138858, 65319992, 0), (65319992, 259139108, 0), (65303581, 65319992, 0)]",3,32,2
65297465,3,,"[(65297465, 65298164, 0), (65298164, 65297465, 0), (65297465, 65297486, 0)]",1,7,0
65324087,4,,"[(65324087, 65315481, 0), (65324087, 65325061, 0), (65325061, 65324087, 0), (65315481, 65324087, 0)]",1,5,0
65295420,4,traffic_signals,"[(65307479, 65295420, 0), (65295415, 65295420, 0), (65295420, 65295415, 0), (65315779, 65295420, 0), (65295420, 65307479, 0), (65295420, 65295422, 0), (65295422, 65295420, 0), (65295420, 65315779, 0)]",7,142,6
65295422,4,,"[(65287700, 65295422, 0), (65295422, 65287700, 0), (65295420, 65295422, 0), (65295422, 65295420, 0)]",5,32,4
65287232,4,,"[(65352349, 65287232, 0), (65287232, 65352349, 0), (65287232, 65356398, 0)]",1,1,0
258759746,4,traffic_signals,"[(601280963, 258759746, 0), (258759746, 258759744, 0), (258759746, 601280963, 0), (65328209, 258759746, 0)]",3,72,2
65281097,5,traffic_signals,"[(65281097, 65281916, 0), (65281916, 65281097, 0), (65290798, 65281097, 0), (65281097, 65290798, 0)]",1,4,0
65295434,4,traffic_signals,"[(65295434, 65347067, 0), (65287700, 65295434, 0), (65295434, 65289314, 0), (65287662, 65295434, 0), (65295434, 65287700, 0), (65295434, 65287662, 0)]",7,83,6
65295435,4,traffic_signals,"[(65295435, 65287662, 0), (65295435, 65295436, 0), (65287662, 65295435, 0), (65295436, 65295435, 0)]",6,92,5
65295436,4,,"[(65295436, 5647545821, 0), (5647545821, 65295436, 0), (65295435, 65295436, 0), (448034152, 65295436, 0), (65295436, 448034152, 0), (65295436, 65295435, 0)]",4,61,3
65291341,3,,"[(65318115, 65291341, 0), (65312281, 65291341, 0), (65291341, 65312281, 0), (65291341, 65318115, 0)]",3,27,2
65295438,4,traffic_signals,"[(5647545821, 65295438, 0), (65295438, 5647545821, 0), (65295442, 65295438, 0), (65295438, 65295442, 0), (65295438, 65356287, 0)]",5,72,4
65287243,4,traffic_signals,"[(65287243, 65339290, 0), (65339271, 65287243, 0)]",2,18,1
65297486,3,,"[(65312022, 65297486, 0), (65297486, 65297482, 0), (65297486, 65312022, 0), (65297465, 65297486, 0)]",2,13,1
65328209,4,traffic_signals,"[(65328209, 65319004, 0), (65328209, 65308300, 0), (65328209, 258759746, 0), (65319004, 65328209, 0)]",4,45,3
65295442,4,,"[(65295442, 65297717, 0), (65295444, 65295442, 0), (65295442, 65295444, 0), (65295442, 65295438, 0), (65295438, 65295442, 0)]",3,37,2
65301587,4,,"[(65301587, 65312718, 0), (65312718, 65301587, 0), (65312716, 65301587, 0), (65301587, 65312716, 0)]",4,21,3
65295444,4,traffic_signals,"[(65295444, 65295447, 0), (65295447, 65295444, 0), (65295444, 65356290, 0), (65295444, 65295442, 0), (65295442, 65295444, 0)]",7,71,6
4018639948,3,,"[(4018639948, 6949087637, 0)]",1,12,0
65287251,4,traffic_signals,"[(65336865, 65287251, 0), (65287251, 65287254, 0), (65287251, 65336865, 0), (65287254, 65287251, 0)]",3,9,2
65295447,4,,"[(65295447, 65280072, 0), (65295444, 65295447, 0), (65295447, 65295444, 0), (65295447, 65289333, 0), (65280072, 65295447, 0), (65295447, 65356292, 0)]",3,31,2
65287254,4,,"[(65287254, 65287260, 0), (65287251, 65287254, 0), (65287260, 65287254, 0), (65287254, 65287251, 0)]",1,8,0
65295449,4,,"[(65295449, 65280072, 0), (65295449, 258756003, 0), (65295449, 65289335, 0), (65280072, 65295449, 0), (258756003, 65295449, 0)]",3,36,2
65295450,4,traffic_signals,"[(65295450, 258756003, 0), (65295450, 65295452, 0), (65295450, 65330045, 0), (65295452, 65295450, 0)]",3,42,2
65350747,4,traffic_signals,"[(65352344, 65350747, 0), (65350747, 65329089, 0), (65329089, 65350747, 0), (65350747, 65352344, 0), (65350747, 65308289, 0)]",5,121,4
65295452,4,,"[(65295450, 65295452, 0), (65295452, 65295455, 0), (65295452, 65289340, 0), (65295452, 65295450, 0), (65295452, 65356296, 0), (65295455, 65295452, 0)]",4,51,3
65287261,4,traffic_signals,"[(65287261, 65356407, 0), (65287261, 6910272811, 0), (65287262, 65287261, 0), (65287261, 65287262, 0)]",4,64,3
65287260,4,traffic_signals,"[(65287254, 65287260, 0), (6910272811, 65287260, 0), (65287260, 6910272811, 0), (65287260, 65313365, 0), (65287260, 65287254, 0), (65313365, 65287260, 0)]",6,99,5
65295455,4,,"[(65295458, 65295455, 0), (65295452, 65295455, 0), (65295455, 65295458, 0), (65295455, 65356298, 0), (65295455, 65295452, 0)]",4,44,3
65287262,3,,"[(65287262, 65287261, 0), (65287262, 65369603, 0), (65287265, 65287262, 0), (65287262, 65287265, 0), (65287261, 65287262, 0)]",4,73,3
65287265,4,,"[(65287273, 65287265, 0), (65287265, 65287262, 0), (65287265, 65356408, 0), (65287265, 65287273, 0), (65287262, 65287265, 0)]",3,82,2
65295458,4,,"[(2768893484, 65295458, 0), (65295458, 65295455, 0), (65295458, 2768893484, 0), (65295458, 65289347, 0), (65295455, 65295458, 0)]",3,50,2
65317986,4,traffic_signals,"[(259138852, 65317986, 0), (65333859, 65317986, 0), (65317986, 259138852, 0), (65317986, 258913486, 0)]",3,24,2
2481630307,4,,"[(4018939473, 2481630307, 0), (2481630307, 65296275, 0), (2481630307, 1126947954, 0), (2481630307, 65327914, 0)]",3,15,2
317353055,1,,"[(317353055, 65327285, 0)]",1,3,0
65336422,4,,"[(65306684, 65336422, 0), (65336422, 65296372, 0), (65296774, 65336422, 0), (65336422, 65306684, 0), (65336422, 65296774, 0)]",4,44,3
65303655,4,stop,"[(65303655, 65317342, 0)]",1,1,0
6873099368,3,,"[(65306804, 6873099368, 0)]",1,1,0
1723739241,2,traffic_signals,"[(1723739359, 1723739241, 0), (1723739241, 5318468081, 0), (1723739241, 1723739359, 0)]",3,75,2
65295466,4,,"[(65295466, 65295471, 0), (65295466, 65341625, 0), (65295466, 2768893484, 0), (65295471, 65295466, 0), (2768893484, 65295466, 0)]",3,38,2
65287273,3,,"[(65287273, 65287265, 0), (65287273, 65287277, 0), (65287277, 65287273, 0), (65287265, 65287273, 0)]",2,31,1
10946845802,4,traffic_signals,"[(10946845802, 65324852, 0), (65324852, 10946845802, 0), (10946845801, 10946845802, 0)]",2,20,1
65287277,3,,"[(65287277, 65287280, 0), (65287273, 65287277, 0), (65287277, 65287273, 0), (65287280, 65287277, 0)]",4,51,3
10946845801,4,traffic_signals,"[(10946845801, 65298398, 0), (65298398, 10946845801, 0), (10946845801, 10946845802, 0)]",3,26,2
65295471,4,,"[(65295466, 65295471, 0), (65295471, 65289353, 0), (65295471, 65295474, 0), (65295474, 65295471, 0), (65295471, 65295466, 0), (65295471, 65316359, 0)]",6,69,5
65287280,3,,"[(65287285, 65287280, 0), (65287277, 65287280, 0), (65287280, 65287285, 0), (65287280, 65287277, 0)]",4,35,3
65295474,4,,"[(65295474, 65289356, 0), (65295474, 65356300, 0), (65295471, 65295474, 0), (65295474, 65295471, 0), (65295474, 65295477, 0), (65295477, 65295474, 0)]",4,34,3
65287285,4,traffic_signals,"[(65287287, 65287285, 0), (65287285, 65287280, 0), (65287285, 65347539, 0), (65287280, 65287285, 0), (65287285, 65287287, 0)]",6,95,5
65295477,4,,"[(65295477, 65351708, 0), (65295477, 65295480, 0), (65295480, 65295477, 0), (65295474, 65295477, 0), (65295477, 65295474, 0)]",2,38,1
65287287,4,traffic_signals,"[(65287287, 65287285, 0), (65287287, 65325408, 0), (65287288, 65287287, 0), (65287287, 65287288, 0), (65325408, 65287287, 0), (65287285, 65287287, 0), (65287287, 65352311, 0)]",7,146,6
65295480,4,,"[(65295480, 65295482, 0), (65295477, 65295480, 0), (65295480, 65295477, 0), (65295480, 65289361, 0), (65295482, 65295480, 0)]",5,73,4
65287288,3,,"[(65287288, 65352302, 0), (65287290, 65287288, 0), (65287288, 65287287, 0), (65287288, 65287290, 0), (65287287, 65287288, 0)]",7,73,6
65295482,4,,"[(65295482, 4022941216, 0), (65295480, 65295482, 0), (4022941216, 65295482, 0), (65295482, 65329896, 0), (65295482, 65295480, 0)]",4,59,3
65287290,3,,"[(65287298, 65287290, 0), (65287290, 65287288, 0), (65287290, 65287298, 0), (65287290, 65291765, 0), (65287288, 65287290, 0)]",4,47,3
65295485,4,traffic_signals,"[(65295485, 65295487, 0), (4022941216, 65295485, 0), (65295485, 4022941216, 0), (65295487, 65295485, 0), (65295485, 65289367, 0)]",5,90,4
65295487,4,,"[(65293105, 65295487, 0), (65295485, 65295487, 0), (65295487, 65293105, 0), (65295487, 65295485, 0)]",4,26,3
65295489,4,,"[(65295493, 65295489, 0), (65293105, 65295489, 0), (65295489, 65295493, 0), (65295489, 65293105, 0)]",5,69,4
65287298,3,traffic_signals,"[(65287298, 65287290, 0), (65287298, 4021607643, 0), (65287298, 65315794, 0), (65287290, 65287298, 0), (4021607643, 65287298, 0), (65315794, 65287298, 0)]",6,115,5
65295493,4,,"[(65295493, 65289275, 0), (65295493, 65295489, 0), (65295489, 65295493, 0), (65295496, 65295493, 0), (65295493, 65295496, 0)]",4,36,3
65348742,3,,"[(65348742, 65314146, 0), (65334111, 65348742, 0)]",3,23,2
65295496,4,,"[(65295496, 65295497, 0), (65295497, 65295496, 0), (65295496, 65295493, 0), (65295493, 65295496, 0)]",4,78,3
65295497,4,,"[(65295496, 65295497, 0), (65295497, 65295499, 0), (65295497, 65295496, 0), (65295497, 65320104, 0), (65295499, 65295497, 0)]",4,49,3
65303689,3,traffic_signals,"[(65303689, 65352325, 0), (65352325, 65303689, 0), (65303689, 65352321, 0), (65352321, 65303689, 0)]",5,78,4
65336459,3,,"[(65287415, 65336459, 0), (65331040, 65336459, 0), (65336459, 65287415, 0), (65336459, 65331040, 0), (65336459, 4021327373, 0)]",6,72,5
65295499,4,,"[(65307164, 65295499, 0), (65295497, 65295499, 0), (65295499, 65307164, 0), (65295499, 65295497, 0), (65295499, 1720923617, 0)]",6,75,5
65371286,3,traffic_signals,"[(65317939, 65371286, 0), (65371286, 65351772, 0), (65371286, 65332806, 0)]",3,65,2
65287319,3,traffic_signals,"[(65375419, 65287319, 0), (65287319, 65375419, 0), (65287319, 4022924683, 0), (4022924680, 65287319, 0), (65287319, 4022924680, 0), (4022924683, 65287319, 0)]",5,97,4
65318039,4,,[],1,1,0
65287324,3,traffic_signals,"[(65287324, 65357831, 0), (4022924675, 65287324, 0), (4022924683, 65287324, 0), (65287324, 4022924683, 0), (65287324, 4022924675, 0)]",5,47,4
65318046,5,traffic_signals,"[(65318046, 65312216, 0), (65318046, 65294235, 0), (65312216, 65318046, 0), (65294235, 65318046, 0)]",7,36,6
65336479,4,traffic_signals,"[(65336479, 65307356, 0), (65336947, 65336479, 0), (65336479, 65327408, 0)]",5,51,4
65287329,3,,"[(65287329, 4022924668, 0), (4022924668, 65287329, 0), (258756009, 65287329, 0), (65287329, 65340588, 0), (65287329, 258756009, 0)]",4,39,3
65371298,4,traffic_signals,"[(65336961, 65371298, 0), (65371298, 65336961, 0), (65357118, 65371298, 0), (65337399, 65371298, 0), (65371298, 65337399, 0), (65371298, 65332836, 0)]",5,33,4
65371299,4,traffic_signals,"[(65371299, 65334013, 0), (65371299, 65337399, 0), (65337399, 65371299, 0), (65371299, 65332847, 0), (65334013, 65371299, 0)]",3,35,2
65287332,4,,"[(65287332, 65287336, 0), (65287336, 65287332, 0), (65287332, 258756009, 0), (65287332, 65328898, 0)]",2,17,1
6910272793,3,traffic_signals,"[(6910272793, 263991315, 0), (6910272807, 6910272793, 0)]",1,3,0
65340583,4,,"[(258756007, 65340583, 0), (65280083, 65340583, 0), (65340583, 65280083, 0)]",1,2,0
65299624,4,,"[(65299624, 65349683, 0)]",1,1,0
65287336,3,,"[(65287332, 65287336, 0), (65287336, 65287332, 0), (65287336, 4022947857, 0), (4022947857, 65287336, 0)]",4,44,3
65365163,4,,"[(65365163, 65350533, 0)]",1,1,0
260494513,4,traffic_signals,"[(65296327, 260494513, 0), (65296324, 260494513, 0), (6522764204, 260494513, 0), (260494513, 1723564001, 0), (260494513, 65296324, 0), (260494513, 65296327, 0)]",4,54,3
65287347,3,,"[(65287349, 65287347, 0), (65287347, 65287349, 0), (65287347, 4022947860, 0), (4022947860, 65287347, 0)]",3,19,2
65365172,4,traffic_signals,"[(65365176, 65365172, 0)]",1,1,0
65287349,3,,"[(65287349, 65359482, 0), (65287349, 4022941220, 0), (65287349, 65287347, 0), (65287347, 65287349, 0), (4022941220, 65287349, 0)]",3,18,2
260494516,4,traffic_signals,"[(65304065, 260494516, 0), (260494516, 65304065, 0)]",2,2,1
65365176,4,,"[(65365176, 65365172, 0)]",1,1,0
5610843322,3,,"[(4019577207, 5610843322, 0), (5610843322, 65312651, 0), (65312651, 5610843322, 0)]",3,25,2
65375419,4,,"[(65314572, 65375419, 0), (65375419, 65287319, 0), (65287319, 65375419, 0)]",2,19,1
65287356,3,,"[(65287356, 4022941218, 0), (4022941223, 65287356, 0), (4022941218, 65287356, 0), (65287356, 4022941223, 0), (65287356, 5649055159, 0)]",4,35,3
260494523,3,traffic_signals,"[(260494523, 65367585, 0), (260494523, 65367373, 0)]",2,8,1
766948543,3,,"[(766948543, 65312068, 0), (766948544, 766948543, 0)]",2,19,1
65287360,5,traffic_signals,"[(4022941218, 65287360, 0), (4022941212, 65287360, 0), (65287360, 4022941212, 0), (65287360, 4022941218, 0), (65287360, 65328836, 0), (65287360, 65309559, 0)]",7,71,6
766948544,3,,"[(295222775, 766948544, 0), (766948544, 65344794, 0), (766948544, 766948543, 0)]",2,12,1
65287366,3,,"[(65287366, 65293117, 0), (65287366, 4022941215, 0), (4022941215, 65287366, 0), (4022941212, 65287366, 0), (65287366, 4022941212, 0)]",3,34,2
65334473,4,traffic_signals,"[(65334473, 65325061, 0), (65325061, 65334473, 0), (65334473, 260193330, 0), (65334473, 6329528592, 0)]",4,14,3
65365195,4,stop,"[(65336914, 65365195, 0), (65337437, 65365195, 0), (65365195, 65337437, 0), (65365195, 65328351, 0), (65328351, 65365195, 0)]",5,32,4
65287373,4,,"[(4022941217, 65287373, 0), (4022941225, 65287373, 0), (65287373, 4022941217, 0), (65287373, 4022941225, 0), (65287373, 65290041, 0)]",3,42,2
65322190,4,,"[(4021327370, 65322190, 0), (65322190, 65331040, 0)]",1,2,0
258913486,4,traffic_signals,"[(258913486, 65339338, 0), (258913486, 258759451, 0), (65317986, 258913486, 0)]",2,26,1
65363153,4,traffic_signals,"[(65363153, 65334510, 0), (65308413, 65363153, 0), (5826707779, 65363153, 0), (65363153, 65308413, 0), (65363153, 65327403, 0)]",7,77,6
65318100,3,,"[(65318100, 65348379, 0), (65318100, 65318115, 0), (65348379, 65318100, 0), (65318115, 65318100, 0)]",4,24,3
258913493,4,traffic_signals,"[(258913493, 259138852, 0), (65339460, 258913493, 0)]",2,28,1
65305814,3,traffic_signals,"[(65303529, 65305814, 0), (65314146, 65305814, 0), (65305814, 65318326, 0)]",3,63,2
65336534,3,,"[(65336534, 65317386, 0), (65336534, 65324849, 0), (65324849, 65336534, 0), (65317386, 65336534, 0)]",3,15,2
65305819,4,traffic_signals,"[(65305819, 65295287, 0), (65305819, 65307363, 0), (65305824, 65305819, 0), (1496341778, 65305819, 0)]",4,55,3
4021607643,3,,"[(65287298, 4021607643, 0), (4021607643, 65287298, 0), (4021607643, 4022924674, 0), (4021607643, 65324626, 0), (4022924674, 4021607643, 0)]",5,45,4
1723739359,1,,"[(1723739359, 1723739241, 0), (1723739241, 1723739359, 0)]",4,78,3
65328351,4,,"[(65328351, 65292747, 0), (65328351, 65328354, 0), (65328354, 65328351, 0), (65365195, 65328351, 0), (65328351, 65365195, 0)]",3,29,2
65305824,4,,"[(65356183, 65305824, 0), (65305827, 65305824, 0), (65305824, 65305819, 0), (65305824, 65356185, 0)]",3,11,2
65328354,4,,"[(65337437, 65328354, 0), (65328354, 65337437, 0), (65328351, 65328354, 0), (65328354, 65328351, 0)]",4,42,3
65305827,4,traffic_signals,"[(65305827, 65336950, 0), (65305827, 65305824, 0), (65336953, 65305827, 0)]",4,35,3
65318115,3,,"[(65318115, 65291341, 0), (65318100, 65318115, 0), (65291341, 65318115, 0), (65318115, 65318100, 0)]",3,40,2
65293538,4,traffic_signals,"[(65308708, 65293538, 0), (65293538, 65308721, 0)]",2,8,1
65287402,4,traffic_signals,"[(65287402, 3997925114, 0), (65287402, 4021327374, 0), (3997925114, 65287402, 0), (65287402, 65297058, 0), (4017523978, 65287402, 0), (4021327374, 65287402, 0), (65287402, 4017523978, 0)]",3,37,2
65342701,4,,"[(65342701, 65349679, 0)]",1,2,0
65365236,4,stop,"[(65337437, 65365236, 0), (65365236, 65333932, 0), (65365236, 65337437, 0)]",1,4,0
65281270,3,,"[(65281270, 766946830, 0)]",1,5,0
65287415,3,traffic_signals,"[(65287415, 65336459, 0), (65287415, 4021327363, 0), (65336459, 65287415, 0), (4021327363, 65287415, 0)]",5,61,4
65328382,4,traffic_signals,"[(65328382, 65317347, 0)]",1,1,0
1692478722,4,traffic_signals,"[(1692478722, 65324878, 0), (65367585, 1692478722, 0), (1692478722, 65324886, 0), (1692478722, 65293687, 0)]",2,5,1
65336583,4,stop,"[(65352351, 65336583, 0), (65336583, 65352351, 0), (65339290, 65336583, 0), (65336583, 65339290, 0)]",5,96,4
4017523978,3,,"[(4017523978, 4021327378, 0), (4017523978, 65287402, 0), (4021327378, 4017523978, 0), (65287402, 4017523978, 0)]",2,26,1
65312014,3,traffic_signals,"[(65312017, 65312014, 0), (65312014, 65316573, 0), (65312014, 65312017, 0), (65316573, 65312014, 0)]",5,88,4
65312017,3,,"[(65312019, 65312017, 0), (65312017, 65312019, 0), (65312017, 65312014, 0), (65312014, 65312017, 0)]",2,24,1
1496341778,3,,"[(1496341778, 65305819, 0), (1496341778, 65356183, 0)]",2,12,1
259138834,4,traffic_signals,"[(259138835, 259138834, 0), (259138834, 65296275, 0)]",4,37,3
65363220,3,traffic_signals,"[(65363220, 65341395, 0), (260191102, 65363220, 0), (65341395, 65363220, 0), (65363220, 260191102, 0)]",3,67,2
259138837,4,traffic_signals,"[(259138838, 259138837, 0), (259138837, 259138835, 0), (259138837, 65310823, 0)]",3,37,2
259138838,4,traffic_signals,"[(259138838, 259138837, 0), (259138840, 259138838, 0), (259138838, 65301517, 0)]",3,32,2
65312022,3,,"[(65312022, 65297486, 0), (65297486, 65312022, 0), (65312022, 65312019, 0), (65312019, 65312022, 0)]",3,19,2
259138840,4,traffic_signals,"[(259138840, 65301520, 0), (259138840, 259138838, 0), (259138841, 259138840, 0)]",3,35,2
259138841,4,traffic_signals,"[(259138843, 259138841, 0), (65339271, 259138841, 0), (259138841, 259138840, 0)]",2,22,1
259138835,3,traffic_signals,"[(259138837, 259138835, 0), (259138835, 259138834, 0)]",2,22,1
259138843,4,traffic_signals,"[(259138843, 259138841, 0), (2819241004, 259138843, 0)]",3,25,2
65307932,4,,"[(65312030, 65307932, 0), (65307932, 65312030, 0), (65307932, 65312028, 0), (65312028, 65307932, 0)]",4,45,3
65312028,3,stop,"[(65312028, 65293729, 0), (65307932, 65312028, 0), (65312028, 65341406, 0), (65293729, 65312028, 0), (65312028, 65307932, 0)]",1,20,0
259138846,4,traffic_signals,"[(259138847, 259138846, 0), (259138846, 2819241004, 0)]",3,21,2
259138847,4,traffic_signals,"[(259138849, 259138847, 0), (259138847, 259138846, 0)]",3,49,2
65312030,3,,"[(65312030, 65307932, 0), (65307932, 65312030, 0), (276805752, 65312030, 0)]",1,17,0
259138849,4,,"[(259138849, 65301534, 0), (259138849, 259138847, 0), (259138850, 259138849, 0)]",3,26,2
259138850,4,traffic_signals,"[(259138852, 259138850, 0), (259138850, 65301536, 0), (259138850, 259138849, 0)]",2,17,1
65344794,4,traffic_signals,"[(65344932, 65344794, 0), (766948544, 65344794, 0)]",1,1,0
259138852,4,traffic_signals,"[(259138852, 65317986, 0), (258913493, 259138852, 0), (259138852, 259138850, 0), (65317986, 259138852, 0)]",3,29,2
65312038,4,stop,"[(2327650830, 65312038, 0), (65312041, 65312038, 0), (65312038, 2327650830, 0), (65312038, 65312041, 0)]",3,39,2
6910272807,4,traffic_signals,"[(65368988, 6910272807, 0), (6910272807, 6910272793, 0)]",1,9,0
259138856,4,traffic_signals,"[(4015833309, 259138856, 0), (259138858, 259138856, 0), (259138856, 4015833309, 0), (259138856, 259138855, 0)]",5,53,4
259138855,4,traffic_signals,"[(259138855, 65297832, 0), (259138856, 259138855, 0), (259138855, 65301545, 0)]",4,35,3
259138858,4,traffic_signals,"[(259138858, 65319992, 0), (259139109, 259138858, 0), (259138858, 259138856, 0), (65301549, 259138858, 0)]",4,23,3
6910272811,4,traffic_signals,"[(65287261, 6910272811, 0), (6910272811, 65287260, 0), (65287260, 6910272811, 0), (6910272811, 6910272809, 0)]",4,113,3
65312043,4,,"[(65312043, 65302394, 0), (65312043, 65312041, 0), (65302394, 65312043, 0), (65312041, 65312043, 0)]",5,66,4
1692478761,3,,"[(1692478761, 65304059, 0), (65296324, 1692478761, 0)]",1,4,0
65312041,4,,"[(65312041, 65312038, 0), (65312043, 65312041, 0), (65312038, 65312041, 0), (65312041, 65312043, 0)]",1,18,0
65322282,4,,"[(65322282, 265666762, 0), (265666762, 65322282, 0), (65288811, 65322282, 0), (65322282, 65288811, 0)]",5,21,4
6910272809,3,,"[(6910272811, 6910272809, 0), (65313365, 6910272809, 0), (6910272809, 65313365, 0)]",2,10,1
258456881,3,,"[(65338267, 258456881, 0), (258456881, 2236649167, 0)]",1,8,0
65312050,4,,"[(65312050, 65328021, 0), (65312053, 65312050, 0), (65312050, 65312053, 0), (65312050, 65307069, 0), (65307069, 65312050, 0)]",5,38,4
65312053,3,,"[(65312053, 65312050, 0), (65312050, 65312053, 0), (65292875, 65312053, 0)]",1,13,0
65312056,3,,"[(65312056, 65292875, 0), (65291286, 65312056, 0), (65312056, 65291286, 0), (65292875, 65312056, 0)]",5,35,4
65312058,3,,"[(65312058, 65312068, 0), (65312058, 1636827301, 0), (1636827301, 65312058, 0), (65312068, 65312058, 0)]",3,27,2
763026749,3,,"[(763026749, 1723738829, 0)]",1,1,0
65357118,3,,"[(65357118, 65371298, 0), (65357118, 65336959, 0)]",1,1,0
65297727,4,,"[(65349666, 65297727, 0), (65349662, 65297727, 0)]",1,2,0
65312068,3,,"[(65312058, 65312068, 0), (766948543, 65312068, 0), (295222775, 65312068, 0), (65312068, 295222775, 0), (65312068, 65312058, 0)]",6,64,5
65312070,3,traffic_signals,"[(65298178, 65312070, 0)]",1,1,0
65367373,4,traffic_signals,"[(6522255492, 65367373, 0), (65367373, 6522241813, 0), (65367373, 65367378, 0), (65367378, 65367373, 0), (260494523, 65367373, 0)]",2,9,1
65367378,3,,"[(65367378, 65337038, 0), (65367373, 65367378, 0), (65367378, 65367373, 0), (65367378, 6522241813, 0), (65337038, 65367378, 0)]",6,29,5
65293652,4,stop,"[(65293652, 65293657, 0), (65296327, 65293652, 0), (65293652, 65296328, 0), (65293657, 65293652, 0), (65293652, 65296327, 0), (65296328, 65293652, 0)]",4,63,3
65293657,4,stop,"[(65293652, 65293657, 0), (65293657, 65293652, 0), (65324866, 65293657, 0)]",1,1,0
2936165726,4,traffic_signals,"[(6988532615, 2936165726, 0), (2936165726, 3902413693, 0), (2936165726, 65317939, 0)]",1,3,0
65314146,4,traffic_signals,"[(65314146, 65303533, 0), (65314146, 65305814, 0), (65348742, 65314146, 0)]",3,18,2
65336675,4,,"[(65336675, 65337447, 0), (65336675, 65336831, 0), (65336831, 65336675, 0), (65337447, 65336675, 0)]",1,5,0
258911592,4,traffic_signals,"[(65308495, 258911592, 0), (258911592, 65338198, 0), (258911592, 258910905, 0), (258911592, 65308495, 0)]",3,18,2
448034152,4,,"[(448034152, 65295436, 0), (65295436, 448034152, 0)]",1,1,0
65326443,3,,"[(65326443, 65322724, 0), (65322724, 65326443, 0), (65336127, 65326443, 0), (65326443, 65336127, 0)]",1,1,0
65314161,4,traffic_signals,"[(65314163, 65314161, 0), (65314161, 65314158, 0)]",1,1,0
65314163,4,traffic_signals,"[(65314166, 65314163, 0), (65314163, 65314161, 0)]",1,1,0
65312117,4,traffic_signals,"[(11397069575, 65312117, 0)]",1,1,0
65314166,4,traffic_signals,"[(65314166, 65314163, 0), (65314171, 65314166, 0)]",1,3,0
65312121,4,stop,"[(65312121, 65304997, 0), (65312121, 65304065, 0), (65304997, 65312121, 0), (65304065, 65312121, 0)]",3,21,2
65314171,4,traffic_signals,"[(65314171, 65314166, 0), (65314173, 65314171, 0)]",1,1,0
4022924668,3,,"[(65287329, 4022924668, 0), (4022924668, 65280086, 0), (4022924668, 65287329, 0), (4022924668, 4022924675, 0), (4022924675, 4022924668, 0)]",2,17,1
65314173,4,traffic_signals,"[(65314173, 65314171, 0)]",1,3,0
4022924671,3,,"[(4022924673, 4022924671, 0), (4022924671, 65287678, 0), (4022924671, 4022927416, 0), (4022924671, 4022924673, 0), (4022927416, 4022924671, 0)]",4,62,3
65314175,4,traffic_signals,"[(65314180, 65314175, 0)]",1,3,0
4022924673,3,,"[(4022924674, 4022924673, 0), (4022924673, 4022924671, 0), (4022924673, 65351073, 0), (4022924671, 4022924673, 0), (4022924673, 4022924674, 0)]",4,54,3
4022924674,3,,"[(4022924674, 65287714, 0), (4022924674, 4022924673, 0), (4021607643, 4022924674, 0), (4022924673, 4022924674, 0), (4022924674, 4021607643, 0)]",4,26,3
5283675522,3,,"[(5283675522, 173176455, 0), (173176455, 5283675522, 0), (173176449, 5283675522, 0), (5283675522, 173176449, 0)]",4,55,3
4022924675,3,,"[(4022924675, 65368177, 0), (4022924675, 65287324, 0), (65287324, 4022924675, 0), (4022924668, 4022924675, 0), (4022924675, 4022924668, 0)]",3,28,2
65314180,4,traffic_signals,"[(342548255, 65314180, 0), (65314180, 65314175, 0)]",1,1,0
65314183,4,traffic_signals,"[(65314183, 342548255, 0), (65314183, 65314187, 0)]",1,1,0
4022924680,3,,"[(4022927416, 4022924680, 0), (65314572, 4022924680, 0), (4022924680, 65287319, 0), (65287319, 4022924680, 0), (4022924680, 4022927416, 0)]",5,65,4
65336713,3,,"[(65313365, 65336713, 0), (65336713, 6910182907, 0), (65336713, 65313365, 0), (6910182908, 65336713, 0)]",3,33,2
65353096,3,,"[(65368988, 65353096, 0), (65353096, 65368988, 0), (65353096, 65285688, 0)]",3,11,2
4022924683,3,,"[(65287319, 4022924683, 0), (4022924683, 65287324, 0), (65287324, 4022924683, 0), (4022924683, 65287319, 0)]",3,31,2
65314187,4,traffic_signals,"[(65314187, 65303566, 0), (65303566, 65314187, 0), (65314183, 65314187, 0)]",1,4,0
65314192,4,traffic_signals,"[(258761269, 65314192, 0), (65314192, 65303573, 0)]",1,1,0
65314202,4,traffic_signals,"[(65314202, 65314200, 0), (65314202, 65303581, 0), (5433307349, 65314202, 0)]",3,21,2
65293729,4,stop,"[(65312028, 65293729, 0), (65293729, 65292975, 0), (65293729, 65341404, 0), (65292975, 65293729, 0), (65293729, 65312028, 0)]",3,36,2
258756003,4,traffic_signals,"[(65295450, 258756003, 0), (65295449, 258756003, 0), (258756003, 258906452, 0), (258756003, 65295449, 0)]",2,43,1
65314212,3,,"[(65338267, 65314212, 0), (65314212, 65303589, 0), (65303589, 65314212, 0), (65314212, 65338267, 0)]",3,41,2
65344932,4,traffic_signals,"[(65344932, 65302893, 0), (65344932, 65344794, 0), (259138401, 65344932, 0)]",5,55,4
258756007,4,traffic_signals,"[(258756007, 65340583, 0)]",1,1,0
65297832,3,,"[(259138855, 65297832, 0), (65297832, 65339460, 0)]",3,41,2
258756009,4,,"[(65287332, 258756009, 0), (258756009, 65287329, 0), (258756009, 258756008, 0), (65287329, 258756009, 0)]",2,20,1
10251824554,3,,"[(10251824554, 65291006, 0), (65291006, 10251824554, 0), (65300049, 10251824554, 0), (10251824554, 65300049, 0)]",4,19,3
65318323,3,,"[(65319908, 65318323, 0), (65317028, 65318323, 0)]",1,1,0
65349059,3,,"[(65327285, 65349059, 0), (65349059, 65327285, 0), (65349059, 65354542, 0), (65354542, 65349059, 0)]",5,112,4
1472411079,3,traffic_signals,"[(65308740, 1472411079, 0), (1472411079, 265666762, 0)]",2,7,1
65312208,4,traffic_signals,"[(65312208, 65312210, 0), (65312210, 65312208, 0), (65289005, 65312208, 0)]",2,4,1
65312210,4,,"[(65312210, 65307883, 0), (65312208, 65312210, 0), (65312210, 65312208, 0)]",1,3,0
65312213,3,,"[(65312216, 65312213, 0)]",1,1,0
65312216,4,stop,"[(65318046, 65312216, 0), (65312216, 65312213, 0), (65324860, 65312216, 0), (65312216, 65318046, 0), (65312216, 65324860, 0), (65312216, 65312219, 0)]",6,18,5
5647545821,3,,"[(65295436, 5647545821, 0), (5647545821, 65295438, 0), (5647545821, 65295436, 0), (65295438, 5647545821, 0)]",4,52,3
65306087,4,,"[(65306087, 65295320, 0), (65306087, 65307397, 0), (65335358, 65306087, 0), (65307389, 65306087, 0)]",4,37,3
65291752,4,,"[(65291752, 65291756, 0), (65291752, 65365950, 0), (65291752, 65315790, 0), (65291752, 65315787, 0), (65365950, 65291752, 0), (65315790, 65291752, 0)]",1,7,0
65287662,4,,"[(65295435, 65287662, 0), (65287662, 65287660, 0), (65287662, 65295434, 0), (65287662, 65295435, 0), (65295434, 65287662, 0)]",4,54,3
65310196,4,traffic_signals,"[(65310196, 65340079, 0)]",1,1,0
295222775,4,traffic_signals,"[(295222775, 65312068, 0), (295222775, 766948544, 0), (65312068, 295222775, 0)]",4,50,3
6336978425,4,traffic_signals,[],1,1,0
65287674,4,traffic_signals,"[(65287674, 65302780, 0), (65349661, 65287674, 0), (65287674, 65349661, 0), (65302780, 65287674, 0)]",3,6,2
6910182907,3,,"[(65336713, 6910182907, 0)]",1,3,0
6910182908,3,,"[(6910182908, 65336713, 0)]",1,2,0
6910182909,3,,"[(6910182909, 65336865, 0), (65336865, 6910182909, 0)]",2,30,1
65304059,3,,"[(1692478761, 65304059, 0), (65304059, 11397069573, 0)]",2,3,1
65336831,4,,"[(65301577, 65336831, 0), (65336675, 65336831, 0), (65336831, 65301577, 0), (65336831, 65336675, 0)]",1,10,0
261510655,4,traffic_signals,"[(261510664, 261510655, 0), (261510655, 65290949, 0)]",2,7,1
65304065,4,stop,"[(65304065, 65324866, 0), (65312121, 65304065, 0), (65324866, 65304065, 0), (65304065, 260494516, 0), (260494516, 65304065, 0), (65304065, 65312121, 0)]",4,19,3
4021327363,3,,"[(4021327370, 4021327363, 0), (65287415, 4021327363, 0), (4021327363, 4021327370, 0), (4021327363, 65287415, 0)]",1,15,0
6336978436,4,traffic_signals,[],1,1,0
4021327365,3,,"[(4021327365, 4021327378, 0), (4021327378, 4021327365, 0), (4021327365, 4021327370, 0)]",3,31,2
65312019,3,,"[(65312019, 65312017, 0), (65312017, 65312019, 0), (65312022, 65312019, 0), (65312019, 65312022, 0)]",2,27,1
261510664,3,traffic_signals,"[(261510664, 261510655, 0), (261510671, 261510664, 0)]",1,10,0
4021327370,4,traffic_signals,"[(4021327370, 65322190, 0), (4021327370, 4021327363, 0), (4021327365, 4021327370, 0), (4021327363, 4021327370, 0)]",4,34,3
4021327371,3,,"[(4021327371, 4021327387, 0), (4021327387, 4021327371, 0), (4021327375, 4021327371, 0), (4021327371, 4021327375, 0)]",2,29,1
4018939403,3,,"[(4018939403, 4018939473, 0), (4018939403, 65327046, 0), (4018939473, 4018939403, 0), (65296309, 4018939403, 0), (4018939403, 65296309, 0)]",3,27,2
4188186120,3,,"[(4188186120, 65337383, 0)]",1,1,0
65316366,4,,[],1,1,0
4014218767,3,,"[(4014218767, 4023155492, 0), (65295383, 4014218767, 0), (4017324918, 4014218767, 0), (4014218767, 65295383, 0), (4023155492, 4014218767, 0)]",3,23,2
4021327375,3,,"[(4021327376, 4021327375, 0), (4021327375, 4021327371, 0), (4021327371, 4021327375, 0)]",2,17,1
4021327376,3,,"[(4021327376, 4021327380, 0), (4021327376, 4021327375, 0), (4021327380, 4021327376, 0)]",2,16,1
4021327378,3,,"[(4021327365, 4021327378, 0), (4017523978, 4021327378, 0), (4021327378, 4021327365, 0), (4021327378, 4017523978, 0)]",2,17,1
4021327374,3,,"[(65287402, 4021327374, 0), (4021327374, 65287402, 0), (4021327387, 4021327374, 0), (4021327374, 4021327387, 0)]",2,16,1
65287700,4,,"[(65287700, 65295422, 0), (65287700, 65295434, 0), (65287700, 65287702, 0), (65295422, 65287700, 0), (65295434, 65287700, 0)]",4,39,3
4021327380,3,,"[(4021327376, 4021327380, 0), (4022941221, 4021327380, 0), (4021327380, 4022941221, 0), (4021327380, 4021327376, 0)]",3,39,2
4022941206,3,,"[(4022941214, 4022941206, 0), (4022941213, 4022941206, 0), (4022941206, 4022941213, 0), (4022941206, 4022941214, 0)]",1,18,0
261510671,3,traffic_signals,"[(261510678, 261510671, 0), (261510671, 261510664, 0)]",2,12,1
261510678,3,traffic_signals,"[(261510687, 261510678, 0), (261510678, 261510671, 0)]",2,8,1
65312281,3,,"[(65312281, 65291341, 0), (65312293, 65312281, 0), (65291341, 65312281, 0), (65312281, 65312293, 0)]",3,32,2
4021327387,3,,"[(4021327371, 4021327387, 0), (4021327387, 4021327371, 0), (4021327387, 4021327374, 0), (4021327374, 4021327387, 0)]",1,18,0
4022941212,3,,"[(4022941212, 65322450, 0), (4022941212, 65287360, 0), (65287360, 4022941212, 0), (4022941212, 65287366, 0), (65287366, 4022941212, 0)]",2,32,1
4022941213,3,,"[(4022941213, 4022941206, 0), (4022941206, 4022941213, 0), (4022941213, 4022941221, 0), (4022941221, 4022941213, 0)]",2,31,1
4022941214,3,,"[(4022941214, 4022941206, 0), (4022941214, 65333139, 0), (4022941206, 4022941214, 0), (4022941214, 4022941228, 0), (4022941228, 4022941214, 0)]",4,38,3
65287711,4,,"[(65287711, 65324623, 0), (65287711, 65287714, 0), (65349661, 65287711, 0), (65324623, 65287711, 0), (65287711, 65349661, 0)]",1,14,0
4022941216,4,,"[(65295482, 4022941216, 0), (4022941216, 65295482, 0), (4022941216, 65295485, 0), (65295485, 4022941216, 0)]",5,45,4
4022941217,3,,"[(4022941228, 4022941217, 0), (4022941217, 65287373, 0), (4022941217, 4022941228, 0), (65287373, 4022941217, 0)]",4,24,3
4022941215,3,,"[(65287366, 4022941215, 0), (4022941225, 4022941215, 0), (4022941215, 65287366, 0), (4022941215, 4022941225, 0)]",4,30,3
65336865,4,,"[(65301525, 65336865, 0), (65336865, 65308328, 0), (6910182909, 65336865, 0), (65336865, 65287251, 0), (65287251, 65336865, 0), (65336865, 6910182909, 0), (65336865, 65301525, 0)]",7,110,6
4022941218,3,,"[(4022941218, 65287360, 0), (65287356, 4022941218, 0), (4022941218, 65297097, 0), (65287360, 4022941218, 0), (4022941218, 65287356, 0)]",3,31,2
4022941221,4,traffic_signals,"[(4022941221, 1736656377, 0), (4022941221, 65375012, 0), (4022941221, 4021327380, 0), (4021327380, 4022941221, 0), (4022941213, 4022941221, 0), (4022941221, 4022941213, 0)]",3,38,2
4022941220,3,,"[(4022941223, 4022941220, 0), (65287349, 4022941220, 0), (4022941220, 4022941223, 0), (4022941220, 65287349, 0)]",1,24,0
4022941223,3,traffic_signals,"[(4022941223, 4022941220, 0), (4022941223, 65287356, 0), (4022941220, 4022941223, 0), (4022941223, 65342705, 0), (65287356, 4022941223, 0)]",3,31,2
65312293,3,,"[(65312293, 65327062, 0), (65312293, 65312281, 0), (65327062, 65312293, 0), (65312281, 65312293, 0)]",2,25,1
4022941225,3,,"[(4022941225, 65287373, 0), (4022941225, 4022941215, 0), (4022941215, 4022941225, 0), (65287373, 4022941225, 0)]",3,20,2
259139108,4,traffic_signals,"[(259139108, 4019294259, 0), (65319992, 259139108, 0)]",3,23,2
259139109,4,traffic_signals,"[(259139109, 259138858, 0), (259139109, 65301554, 0), (4019294259, 259139109, 0)]",3,17,2
4022941228,3,,"[(4022941228, 4022941217, 0), (4022941217, 4022941228, 0), (4022941214, 4022941228, 0), (4022941228, 4022941214, 0)]",2,22,1
2768893484,4,,"[(2768893484, 65295458, 0), (65295458, 2768893484, 0), (2768893484, 65289350, 0), (65295466, 2768893484, 0), (2768893484, 65295466, 0)]",4,57,3
261510697,3,traffic_signals,"[(261510697, 261510687, 0), (65308746, 261510697, 0)]",2,9,1
65349161,4,traffic_signals,"[(65349161, 65368988, 0), (65308456, 65349161, 0)]",1,4,0
65324593,4,traffic_signals,"[(65324593, 317122247, 0), (65336941, 65324593, 0), (65324593, 340164576, 0)]",5,49,4
65285688,3,traffic_signals,"[(65285688, 6913099452, 0), (6913099452, 65285688, 0), (65353096, 65285688, 0)]",2,8,1
65328707,3,,"[(65307366, 65328707, 0), (65328707, 65328710, 0), (65356185, 65328707, 0)]",1,1,0
65347140,3,traffic_signals,"[(65347140, 65294136, 0), (65368992, 65347140, 0)]",2,8,1
65328710,4,traffic_signals,"[(65328710, 65328712, 0), (65328707, 65328710, 0), (65336959, 65328710, 0), (65328710, 65336956, 0)]",3,37,2
65328712,4,traffic_signals,"[(65328710, 65328712, 0), (65328712, 65328716, 0)]",1,1,0
6336978504,4,,"[(6336978504, 6323949673, 0)]",1,1,0
65324623,4,,"[(65287711, 65324623, 0), (65324623, 65287711, 0), (65324623, 3998115410, 0)]",1,4,0
4018939473,4,,"[(4018939403, 4018939473, 0), (4018939473, 4018939403, 0), (4018939473, 2481630307, 0), (65296275, 4018939473, 0), (4018939473, 65314393, 0)]",3,48,2
3998115410,3,,"[(65315790, 3998115410, 0), (65324623, 3998115410, 0), (3998115410, 65315790, 0), (309032633, 3998115410, 0)]",1,5,0
65300049,4,traffic_signals,"[(65300049, 10251824554, 0), (10251824554, 65300049, 0), (65300049, 65300052, 0)]",5,10,4
65300052,4,traffic_signals,"[(65300049, 65300052, 0)]",2,13,1
65336914,4,stop,"[(65336914, 65307440, 0), (65336914, 65365195, 0), (65307440, 65336914, 0), (65336914, 5283668862, 0)]",2,2,1
65300054,3,,"[(65300054, 65299118, 0)]",1,2,0
65300056,3,,"[(65299118, 65300056, 0), (65300056, 65290217, 0)]",1,3,0
65336921,4,,"[(4019294261, 65336921, 0), (65336921, 4019294261, 0), (65336921, 65339516, 0), (65339516, 65336921, 0)]",4,24,3
65300059,4,,"[(65290217, 65300059, 0), (65300059, 5839244979, 0)]",2,8,1
65336924,4,,"[(65307463, 65336924, 0), (65336924, 65307463, 0), (65336924, 65352255, 0), (65352255, 65336924, 0)]",2,15,1
65332833,4,traffic_signals,"[(65332833, 65336961, 0), (65326726, 65332833, 0)]",3,54,2
65300069,4,traffic_signals,"[(65300069, 65300073, 0)]",2,2,1
65300073,4,traffic_signals,"[(65300073, 65300078, 0), (65300069, 65300073, 0)]",2,5,1
65345130,3,,"[(65345130, 65289005, 0)]",2,4,1
65318508,4,,"[(65318508, 65328436, 0), (65318508, 65306568, 0)]",1,1,0
65336941,4,traffic_signals,"[(65327408, 65336941, 0), (65336941, 65324593, 0), (65336941, 65307352, 0)]",4,40,3
65300078,4,traffic_signals,"[(65300073, 65300078, 0), (65300078, 6375094234, 0)]",1,4,0
65300080,3,,"[(6375094234, 65300080, 0), (65300080, 65300085, 0)]",3,8,2
65336947,4,traffic_signals,"[(65336947, 65356180, 0), (65336950, 65336947, 0), (65336947, 65336479, 0), (65336947, 65359314, 0), (65356180, 65336947, 0)]",4,29,3
65300085,4,traffic_signals,"[(65300085, 65306804, 0), (65300085, 65300093, 0), (65300080, 65300085, 0)]",3,14,2
65336950,3,,"[(65305827, 65336950, 0), (65356183, 65336950, 0), (65336950, 65336947, 0)]",2,19,1
65336953,4,traffic_signals,"[(65336953, 65305827, 0), (65336956, 65336953, 0), (65336953, 65373233, 0), (65356185, 65336953, 0)]",5,48,4
65302139,4,traffic_signals,"[(65302139, 65308730, 0), (65308721, 65302139, 0)]",3,7,2
65336956,3,,"[(65336956, 65336953, 0), (65328710, 65336956, 0)]",2,21,1
65300093,3,,"[(65300085, 65300093, 0), (65300093, 65300097, 0)]",1,4,0
65336959,4,,"[(65336959, 65328710, 0), (65336961, 65336959, 0), (65336959, 65307368, 0), (65357118, 65336959, 0)]",3,27,2
65336961,4,traffic_signals,"[(65336961, 65307376, 0), (65336961, 65371298, 0), (65332833, 65336961, 0), (65371298, 65336961, 0), (65307376, 65336961, 0), (65336961, 65336959, 0)]",7,110,6
173176449,4,stop,"[(173176449, 5283675521, 0), (173176449, 5283675522, 0), (173176449, 65295352, 0), (173176449, 65292743, 0), (5283675522, 173176449, 0), (65292743, 173176449, 0)]",5,80,4
65300097,4,traffic_signals,"[(65351772, 65300097, 0), (65300097, 65351772, 0), (65300097, 65300105, 0), (65300097, 65342807, 0), (65300093, 65300097, 0)]",2,14,1
65326726,4,,"[(65326726, 65332833, 0), (65307389, 65326726, 0), (65335358, 65326726, 0)]",2,22,1
173176455,4,traffic_signals,"[(5283675522, 173176455, 0), (173176455, 5283675522, 0), (6710688121, 173176455, 0), (173176455, 371239915, 0), (371239915, 173176455, 0)]",6,120,5
65300105,3,,"[(65300105, 65300107, 0), (65300097, 65300105, 0)]",3,14,2
65300107,4,traffic_signals,"[(65300107, 65306996, 0), (65300105, 65300107, 0), (65300107, 65318332, 0), (65300107, 65334111, 0)]",2,5,1
65336974,4,,"[(65336976, 65336974, 0), (65336974, 65335358, 0), (65336974, 65307397, 0), (65307397, 65336974, 0)]",3,43,2
65336976,4,,"[(65336976, 65336974, 0), (65336976, 65365835, 0), (65307399, 65336976, 0), (65336976, 65307399, 0), (65336987, 65336976, 0)]",4,40,3
65336987,4,,"[(65336987, 65307404, 0), (65307404, 65336987, 0), (65336987, 65336976, 0), (65336993, 65336987, 0)]",4,47,3
65289886,4,traffic_signals,"[(297254899, 65289886, 0), (65289886, 65310843, 0)]",2,3,1
65336993,4,,"[(65336993, 65307408, 0), (65307408, 65336993, 0), (65336999, 65336993, 0), (65336993, 65336987, 0)]",3,42,2
65308325,4,traffic_signals,"[(65308325, 65339305, 0), (65339290, 65308325, 0)]",2,17,1
65336999,4,,"[(65327171, 65336999, 0), (65336999, 65336993, 0)]",3,70,2
65337001,4,traffic_signals,"[(65337001, 9691602674, 0), (65337001, 65337003, 0), (65337003, 65337001, 0), (65337001, 65307417, 0)]",3,41,2
65337003,4,traffic_signals,"[(65337001, 65337003, 0), (371239915, 65337003, 0), (65337003, 65337001, 0), (65337003, 371239915, 0), (65337003, 65350771, 0), (6710688121, 65337003, 0)]",6,56,5
5839244979,3,,"[(65300059, 5839244979, 0)]",1,4,0
309032633,3,,"[(65315787, 309032633, 0), (65315790, 309032633, 0), (309032633, 65315787, 0), (309032633, 65315790, 0), (309032633, 3998115410, 0)]",2,9,1
6913099452,3,,"[(65285688, 6913099452, 0), (6913099452, 65285688, 0)]",1,3,0
9691602628,4,,"[(9691602628, 65352344, 0), (9691602628, 65352339, 0), (9691602628, 9691602630, 0), (9691602628, 9691602770, 0)]",2,8,1
293756613,1,,[],1,1,0
317122247,4,traffic_signals,"[(65324593, 317122247, 0), (317122247, 65307352, 0)]",2,16,1
258467531,5,traffic_signals,"[(2236649167, 258467531, 0), (258467531, 8166971415, 0)]",1,6,0
65308364,3,,"[(65315792, 65308364, 0), (65315790, 65308364, 0), (65308364, 65315792, 0), (65308364, 65315790, 0)]",1,11,0
65337038,4,,"[(2642129716, 65337038, 0), (65367378, 65337038, 0), (65337038, 65367378, 0), (65337038, 2642129716, 0)]",3,23,2
2236649167,4,,"[(2236649167, 258467531, 0), (258456881, 2236649167, 0)]",1,4,0
65318612,4,traffic_signals,"[(65324858, 65318612, 0), (65318612, 65324858, 0)]",3,17,2
258467544,3,traffic_signals,[],1,14,0
65316573,4,,"[(65316573, 65316561, 0), (65341395, 65316573, 0), (65312014, 65316573, 0), (65316573, 65341395, 0), (65316573, 65312014, 0)]",6,67,5
65322724,4,stop,"[(65326443, 65322724, 0), (65322724, 65326443, 0), (65312718, 65322724, 0), (65322724, 65322726, 0), (65322724, 65312718, 0)]",1,7,0
65322726,3,,"[(65322726, 65336129, 0), (65322726, 65312721, 0), (65336129, 65322726, 0), (65322724, 65322726, 0), (65312721, 65322726, 0)]",3,14,2
65337066,3,,"[(65362744, 65337066, 0), (2642129714, 65337066, 0), (65337066, 2642129714, 0), (65337066, 65362744, 0)]",5,22,4
9691602671,5,,"[(9691602671, 65307417, 0), (9691602671, 9691602674, 0), (258758544, 9691602671, 0)]",1,8,0
9691602674,5,,"[(65337001, 9691602674, 0), (9691602671, 9691602674, 0), (9691602674, 258758543, 0)]",1,6,0
65298164,3,,"[(65292975, 65298164, 0), (65297465, 65298164, 0), (65298164, 65297465, 0), (65298164, 65292975, 0)]",2,19,1
6906996472,3,,"[(6906996472, 65319908, 1), (6906996472, 65319908, 0)]",1,1,0
3997925114,3,,"[(65287402, 3997925114, 0), (3997925114, 65287402, 0)]",1,4,0
11037771514,4,traffic_signals,[],1,1,0
4019009276,3,,"[(65307359, 4019009276, 0)]",2,7,1
65308413,4,traffic_signals,"[(65329405, 65308413, 0), (65308413, 65329405, 0), (65308413, 65363153, 0), (65363153, 65308413, 0), (65308413, 5826707783, 0), (5854943486, 65308413, 0)]",5,55,4
65298178,3,,"[(65302893, 65298178, 0), (65298178, 65312070, 0)]",2,16,1
65314570,4,,"[(65349662, 65314570, 0), (65314570, 65349662, 0), (65302780, 65314570, 0)]",1,1,0
65345292,4,stop,"[(65345292, 65312708, 0), (65312708, 65345292, 0), (65299429, 65345292, 0), (65345292, 65299429, 0)]",3,7,2
65314572,4,,"[(65314572, 65375419, 0), (65314572, 4022924680, 0), (65302782, 65314572, 0), (65314572, 65302782, 0)]",2,11,1
65312526,3,,[],4,18,3
258965262,4,,"[(258965262, 65299991, 0)]",1,1,0
65373970,1,,[],1,1,0
342548255,3,,"[(342548255, 65314180, 0), (65314183, 342548255, 0)]",1,4,0
65308456,4,traffic_signals,"[(65308456, 65308461, 0), (65308456, 263991315, 0), (8166971415, 65308456, 0), (65308456, 65349161, 0)]",2,17,1
65361705,4,traffic_signals,"[(65361705, 65365950, 0), (65365950, 65361705, 0), (65361705, 65297405, 0), (65297405, 65361705, 0)]",1,11,0
65324849,4,traffic_signals,"[(65319894, 65324849, 0), (65336534, 65324849, 0), (65324849, 65336534, 0), (65324849, 65319894, 0)]",5,35,4
65324852,3,,"[(10946845802, 65324852, 0), (65324852, 10946845802, 0), (65324852, 65324854, 0)]",1,7,0
1677788981,4,traffic_signals,"[(65334193, 1677788981, 0), (1677788981, 65345359, 0), (65345359, 1677788981, 0), (1677788981, 65334193, 0)]",3,19,2
65324854,3,,"[(65324854, 65324856, 0), (65324852, 65324854, 0)]",1,1,0
65361720,3,traffic_signals,"[(65361720, 65327936, 0), (65310843, 65361720, 0), (65361720, 65310843, 0), (65327936, 65361720, 0)]",4,19,3
65345337,4,traffic_signals,"[(65345337, 65317590, 0), (65345337, 65334193, 0), (65317590, 65345337, 0), (65334193, 65345337, 0)]",3,12,2
65324858,3,,"[(65324858, 65318612, 0), (258967880, 65324858, 0), (65324858, 258967880, 0), (65318612, 65324858, 0)]",2,15,1
65324856,3,,"[(65324854, 65324856, 0), (258968244, 65324856, 0), (65324856, 258968244, 0)]",3,8,2
65324860,4,stop,"[(65324863, 65324860, 0), (65324860, 65312216, 0), (65312216, 65324860, 0), (65324860, 65324863, 0)]",2,19,1
65294136,3,,"[(65347140, 65294136, 0), (65294136, 65347537, 0)]",1,2,0
346527550,4,,"[(65347537, 346527550, 0), (346527550, 346527551, 0)]",1,2,0
346527551,4,traffic_signals,"[(346527551, 65308345, 0), (346527551, 346527552, 0), (346527550, 346527551, 0)]",2,8,1
65324863,4,stop,"[(65324863, 65324860, 0), (65296327, 65324863, 0), (65324863, 65296327, 0), (65324860, 65324863, 0)]",4,25,3
346527552,4,,"[(346527552, 65368992, 0), (346527551, 346527552, 0), (346527552, 65358843, 0)]",1,2,0
65324866,4,stop,"[(65324866, 65296327, 0), (65304065, 65324866, 0), (65324866, 65304065, 0), (65296327, 65324866, 0), (65324866, 65293657, 0)]",6,22,5
3814451006,3,crossing,"[(1723738829, 3814451006, 0)]",1,1,0
65324869,3,,"[(65304997, 65324869, 0), (65307040, 65324869, 0), (65324869, 65307040, 0), (65324869, 65304997, 0)]",1,4,0
65324871,3,,"[(65324871, 581251865, 0), (65324871, 65307040, 0), (65307040, 65324871, 0), (581251865, 65324871, 0)]",2,10,1
65324878,3,,"[(581251865, 65324878, 0), (65324878, 581251865, 0), (1692478722, 65324878, 0), (65324878, 65324886, 0)]",1,13,0
65345359,4,traffic_signals,"[(65317386, 65345359, 0), (1677788981, 65345359, 0), (65345359, 65317386, 0), (65345359, 1677788981, 0), (65345359, 65345368, 0)]",5,37,4
65308495,4,traffic_signals,"[(65308495, 258911592, 0), (65308495, 65315787, 0), (65315787, 65308495, 0), (258911592, 65308495, 0)]",2,20,1
4941850449,3,,"[(4941850449, 4941850444, 0), (4941850449, 65329503, 0), (65357979, 4941850449, 0)]",2,26,1
65328978,4,,"[(65290286, 65328978, 0), (65330449, 65328978, 0), (65328978, 65330449, 0), (65328978, 65290286, 0)]",3,13,2
65296214,4,traffic_signals,"[(65330449, 65296214, 0), (65317590, 65296214, 0), (65296214, 65330449, 0), (65296214, 65317590, 0)]",3,24,2
65324886,4,,"[(65324886, 6522255492, 0), (65324886, 260494522, 0), (1692478722, 65324886, 0), (65324878, 65324886, 0)]",1,11,0
65331040,4,,"[(65331040, 65336459, 0), (65336459, 65331040, 0), (65322190, 65331040, 0)]",1,1,0
65345379,4,traffic_signals,"[(65345379, 65296324, 0), (581047109, 65345379, 0)]",1,1,0
65339246,3,traffic_signals,"[(65339246, 65310823, 0), (65327914, 65339246, 0)]",3,16,2
65324911,4,stop,"[(65324911, 65324419, 0)]",1,1,0
1148372849,3,,"[(4104677530, 1148372849, 0), (1148372849, 4104677530, 0), (4014191213, 1148372849, 0)]",1,7,0
6378899315,3,,"[(6378899319, 6378899315, 0), (6378899315, 65307376, 0), (6378899315, 65303541, 0), (65307376, 6378899315, 0)]",4,26,3
6378899319,3,,"[(6378899319, 6378899315, 0), (6378899319, 65303541, 0), (65303538, 6378899319, 0)]",3,23,2
65302394,4,,"[(65302394, 65307069, 0), (65312043, 65302394, 0), (65307069, 65302394, 0), (65302394, 65312043, 0)]",1,20,0
65339258,4,traffic_signals,"[(65310823, 65339258, 0), (65339258, 65325391, 0)]",3,17,2
65281916,5,traffic_signals,"[(65281097, 65281916, 0), (65281916, 65281097, 0), (65281916, 65325050, 0), (65282779, 65281916, 0), (65325050, 65281916, 0)]",4,10,3
65339271,4,traffic_signals,"[(65325391, 65339271, 0), (65339271, 259138841, 0), (65339271, 65287243, 0)]",3,29,2
258758536,4,traffic_signals,"[(258758536, 65312687, 0), (258758536, 258758535, 0), (65312687, 258758536, 0)]",3,16,2
65333130,3,,"[(65307165, 65333130, 0), (65333130, 258910949, 0), (65333130, 65307165, 0), (258910949, 65333130, 0)]",5,53,4
65312651,4,stop,"[(5610843322, 65312651, 0), (65312651, 5610843322, 0), (65312651, 330666993, 0), (330666993, 65312651, 0)]",4,18,3
258758543,4,traffic_signals,"[(258758544, 258758543, 0), (258758543, 65327171, 0), (258758543, 258758542, 0), (9691602674, 258758543, 0)]",2,16,1
258758544,4,traffic_signals,"[(258758544, 258758543, 0), (65307414, 258758544, 0), (258758544, 9691602671, 0)]",4,65,3
1148372880,3,,"[(65352257, 1148372880, 0), (4023155492, 1148372880, 0)]",2,7,1
65312657,4,,"[(330666983, 65312657, 0), (65312657, 330666983, 0), (65312662, 65312657, 0), (65312657, 65312662, 0)]",3,28,2
65296275,4,,"[(2481630307, 65296275, 0), (65296275, 4018939473, 0), (259138834, 65296275, 0)]",2,16,1
65312662,4,traffic_signals,"[(65312664, 65312662, 0), (65312662, 65312664, 0), (65312662, 65312657, 0), (65312657, 65312662, 0)]",5,40,4
65312664,4,,"[(65312664, 65312662, 0), (65312664, 65312670, 0), (65312664, 65322669, 0), (65312670, 65312664, 0), (65312662, 65312664, 0)]",3,26,2
65339290,4,traffic_signals,"[(65287243, 65339290, 0), (65339290, 65336583, 0), (65336583, 65339290, 0), (2819241004, 65339290, 0), (65339290, 2819241004, 0), (65339290, 65308325, 0)]",6,117,5
65294235,4,traffic_signals,"[(258967880, 65294235, 0), (65318046, 65294235, 0), (65294235, 65318046, 0)]",2,13,1
65312670,4,,"[(65312664, 65312670, 0), (65312670, 65312664, 0), (65312672, 65312670, 0), (65312670, 65312672, 0)]",4,25,3
65312672,4,stop,"[(65312672, 65312674, 0), (65312674, 65312672, 0), (65312672, 65312670, 0), (65312670, 65312672, 0)]",5,33,4
65312674,3,,"[(65312672, 65312674, 0), (65312674, 65312677, 0), (65312674, 65312672, 0), (65312677, 65312674, 0)]",1,13,0
65312677,4,traffic_signals,"[(65312680, 65312677, 0), (65312674, 65312677, 0), (65312677, 65296947, 0), (65312677, 65312674, 0), (65312677, 65312680, 0)]",5,26,4
65312680,3,,"[(65312680, 65312677, 0), (65312685, 65312680, 0), (65312677, 65312680, 0), (65312680, 65312685, 0)]",3,11,2
65339305,4,traffic_signals,"[(65308325, 65339305, 0), (65339305, 65339315, 0)]",3,35,2
65312685,4,,"[(65312687, 65312685, 0), (65312685, 1580517057, 0), (65312685, 65312680, 0), (65312680, 65312685, 0), (65312685, 65312687, 0)]",4,23,3
65312687,4,traffic_signals,"[(65312687, 65312685, 0), (258758536, 65312687, 0), (65312687, 258758536, 0), (65312687, 65327183, 0), (65312685, 65312687, 0)]",5,37,4
65298353,4,stop,"[(65292419, 65298353, 0), (65298353, 65332164, 0), (65298353, 65292419, 0), (65332164, 65298353, 0)]",3,26,2
65312690,4,traffic_signals,"[(65312690, 65312693, 0), (65312690, 65345281, 0), (65312693, 65312690, 0)]",3,25,2
65339315,4,,"[(65339305, 65339315, 0), (65339315, 65333859, 0)]",3,32,2
65296309,4,traffic_signals,"[(65296309, 65314393, 0), (65296310, 65296309, 0), (65296309, 65296310, 0), (65296309, 4018939403, 0), (4018939403, 65296309, 0)]",5,49,4
65296310,4,traffic_signals,"[(65296310, 65296309, 0), (65296309, 65296310, 0), (65296312, 65296310, 0), (65296310, 65309792, 0), (65296310, 65296312, 0)]",5,57,4
65312695,4,traffic_signals,"[(65312695, 65312698, 0), (65312698, 65312695, 0), (65312693, 65312695, 0), (65312695, 65312693, 0)]",3,28,2
65296312,4,,"[(65296312, 65296310, 0), (65296314, 65296312, 0), (65296312, 65296314, 0), (65296310, 65296312, 0)]",1,27,0
65312693,4,traffic_signals,"[(65312690, 65312693, 0), (65312693, 65312695, 0), (65312695, 65312693, 0), (65312693, 65322701, 0), (65312693, 65312690, 0)]",6,39,5
65296314,4,traffic_signals,"[(65296314, 65296316, 0), (65296316, 65296314, 0), (65296314, 65296312, 0), (65296312, 65296314, 0)]",4,38,3
65312698,4,stop,"[(65312695, 65312698, 0), (65312698, 65312695, 0), (65312700, 65312698, 0), (65312698, 65312700, 0)]",3,29,2
65296316,4,,"[(65296314, 65296316, 0), (65296316, 65296314, 0), (65296316, 65369164, 0), (65296319, 65296316, 0), (65296316, 65296319, 0)]",3,27,2
65312700,4,stop,"[(65312700, 65292764, 0), (65292764, 65312700, 0), (65312700, 65312698, 0), (65312698, 65312700, 0)]",6,26,5
65365950,3,,"[(65365950, 65308485, 0), (65291752, 65365950, 0), (65361705, 65365950, 0), (65365950, 65361705, 0), (65365950, 65291752, 0)]",1,8,0
65296319,4,,"[(65296319, 65296321, 0), (65296321, 65296319, 0), (65296319, 65296316, 0), (65296316, 65296319, 0)]",3,46,2
65329089,4,traffic_signals,"[(65350747, 65329089, 0), (65329089, 65319004, 0), (65319004, 65329089, 0), (65329089, 65350747, 0), (65329089, 65321017, 0)]",6,140,5
65296321,3,,"[(65296321, 65296324, 0), (65296324, 65296321, 0), (65296319, 65296321, 0), (65296321, 65296319, 0)]",2,30,1
65312706,4,traffic_signals,"[(65312708, 65312706, 0), (65312705, 65312706, 0), (65312706, 65312705, 0), (65312706, 65312708, 0)]",4,35,3
65296324,4,traffic_signals,"[(65296321, 65296324, 0), (65296324, 65296321, 0), (65345379, 65296324, 0), (65296324, 260494513, 0), (65296324, 1692478761, 0), (260494513, 65296324, 0)]",2,30,1
65312708,4,stop,"[(65312709, 65312708, 0), (65312708, 65312706, 0), (65312708, 65312709, 0), (65345292, 65312708, 0), (65312708, 65345292, 0), (65312706, 65312708, 0)]",4,25,3
65312709,4,,"[(65312709, 65312708, 0), (65312708, 65312709, 0), (65312712, 65312709, 0), (65312709, 65312712, 0)]",5,32,4
65296327,4,traffic_signals,"[(65296327, 260494513, 0), (65296327, 65324863, 0), (65324866, 65296327, 0), (65296327, 65293652, 0), (65324863, 65296327, 0), (65293652, 65296327, 0), (65296327, 65324866, 0), (260494513, 65296327, 0)]",9,117,8
65296328,4,,"[(65296329, 65296328, 0), (65296328, 65296329, 0), (65293652, 65296328, 0), (65296328, 65293652, 0), (65296328, 65354018, 0)]",6,42,5
65296329,3,,"[(65296329, 65296328, 0), (65296328, 65296329, 0), (65296331, 65296329, 0), (65296329, 65296331, 0)]",2,29,1
65339338,4,traffic_signals,"[(258913486, 65339338, 0), (65339338, 5433307349, 0)]",2,22,1
65296331,4,,"[(65296331, 65296333, 0), (65296333, 65296331, 0), (65296331, 599157361, 0), (65296331, 65302219, 0), (65296331, 65296329, 0), (65296329, 65296331, 0)]",5,46,4
65312712,4,stop,"[(65312712, 65312716, 0), (65312716, 65312712, 0), (65312712, 65312709, 0), (65312709, 65312712, 0)]",4,31,3
65296333,3,,"[(65296331, 65296333, 0), (65296333, 65296331, 0), (65296334, 65296333, 0), (65296333, 65296334, 0)]",2,29,1
65296334,4,,"[(65296334, 65362651, 0), (65296334, 2800130439, 0), (65296337, 65296334, 0), (65296334, 65296337, 0), (65296334, 65296333, 0), (65296333, 65296334, 0)]",6,65,5
65312718,4,,"[(65301587, 65312718, 0), (65312718, 65301587, 0), (65312718, 65312721, 0), (65312721, 65312718, 0), (65312718, 4012037655, 0), (65312718, 65322724, 0), (65322724, 65312718, 0)]",3,21,2
65312716,4,stop,"[(65312712, 65312716, 0), (65312716, 65312712, 0), (65312716, 65322720, 0), (65312716, 65301587, 0), (65301587, 65312716, 0)]",4,31,3
65347537,5,traffic_signals,"[(65297405, 65347537, 0), (65347537, 346527550, 0), (65347537, 65297405, 0), (65294136, 65347537, 0)]",1,13,0
65296337,4,,"[(65296337, 65296334, 0), (65296337, 65296340, 0), (65296334, 65296337, 0), (65296340, 65296337, 0)]",5,47,4
65341395,3,traffic_signals,"[(65363220, 65341395, 0), (65341395, 65316573, 0), (65341395, 65363220, 0), (65316573, 65341395, 0)]",7,68,6
65296340,4,,"[(65296343, 65296340, 0), (65296337, 65296340, 0), (65296340, 65296343, 0), (65296340, 65296337, 0)]",4,60,3
65312721,3,,"[(65312718, 65312721, 0), (65312721, 65312718, 0), (65322726, 65312721, 0), (65312721, 65322726, 0)]",3,19,2
65327062,3,,"[(65312293, 65327062, 0), (65327062, 65362663, 0), (65327062, 65312293, 0), (65362663, 65327062, 0)]",3,24,2
65296343,4,,"[(65296346, 65296343, 0), (65296343, 65296340, 0), (65296340, 65296343, 0), (65296343, 65304078, 0), (65296343, 65296346, 0)]",5,88,4
65296346,4,traffic_signals,"[(65296346, 65296343, 0), (65296348, 65296346, 0), (65296346, 1000699966, 0), (65296343, 65296346, 0), (65296346, 65296348, 0)]",5,95,4
6375094234,4,traffic_signals,"[(6375094234, 65300080, 0), (6375094234, 5080202405, 0), (65300078, 6375094234, 0)]",2,8,1
65296348,4,,"[(65296348, 65296346, 0), (65288875, 65296348, 0), (65296348, 65288875, 0), (65296348, 65304084, 0), (65296346, 65296348, 0)]",3,43,2
65298398,4,,"[(65298398, 65319894, 0), (10946845801, 65298398, 0), (65319894, 65298398, 0), (65298398, 10946845801, 0)]",3,9,2
65296351,4,,"[(65288875, 65296351, 0), (65296351, 65296354, 0), (65296354, 65296351, 0), (65296351, 65288875, 0)]",3,45,2
9633222624,4,traffic_signals,"[(9633222624, 9691602692, 0)]",1,1,0
340164576,4,traffic_signals,"[(65324593, 340164576, 0)]",1,1,0
65296354,4,,"[(65296354, 65354542, 0), (65296351, 65296354, 0), (65354542, 65296354, 0), (65296354, 65296351, 0)]",5,62,4
4014319583,3,,"[(65303561, 4014319583, 0), (4014319583, 65303566, 0), (65303566, 4014319583, 0), (4014319583, 65303561, 0)]",1,1,0
65290217,4,traffic_signals,"[(65290217, 65300059, 0), (65300056, 65290217, 0)]",1,4,0
65343468,4,stop,"[(65343468, 65343471, 0), (65343468, 65300475, 0), (65300475, 65343468, 0), (65343471, 65343468, 0)]",4,21,3
65343471,4,stop,"[(65343468, 65343471, 0), (65343473, 65343471, 0), (65343471, 65343473, 0), (65343471, 65343468, 0)]",5,18,4
65343473,4,stop,"[(65343473, 65300495, 0), (65343473, 65343471, 0), (65343473, 65321085, 0), (65343471, 65343473, 0), (65321085, 65343473, 0), (65300495, 65343473, 0)]",5,39,4
297254899,4,traffic_signals,"[(6949087641, 297254899, 0), (297254899, 65289886, 0)]",1,1,0
65325050,4,,"[(65281916, 65325050, 0), (65325050, 65281916, 0)]",1,1,0
65300475,4,,"[(65343468, 65300475, 0), (65300475, 258964505, 0), (258964505, 65300475, 0), (65300475, 65343468, 0), (65300475, 65300486, 0)]",1,11,0